{
	"groups": [
		{
			"keys": "",
			"name": "preload"
		},
		{
			"keys": "",
			"name": "start"
		},
		{
			"keys": "",
			"name": "competition"
		},
		{
			"keys": "",
			"name": "ghost"
		},
		{
			"keys": "",
			"name": "p24"
		},
		{
			"keys": "",
			"name": "role"
		},
		{
			"keys": "c_level,levelbg_png,answerbg_png,levelOverBg_png",
			"name": "level"
		}
	],
	"resources": [
		{
			"url": "assets/common/bg.png",
			"type": "image",
			"name": "bg_png"
		},
		{
			"url": "assets/common/bg2.png",
			"type": "image",
			"name": "bg2_png"
		},
		{
			"url": "assets/p24/chest.json",
			"type": "json",
			"name": "chest_json"
		},
		{
			"url": "assets/p24/chest.png",
			"type": "image",
			"name": "chest_png"
		},
		{
			"url": "assets/common_a.json",
			"type": "sheet",
			"name": "common_a",
			"subkeys": "back_btn,belt,bottom_btn_bg,box_border,btn_bg_blue,btn_bg_white,btn_bg_yellow,btn_bg_yellow2,close_btn,doublebtn_bg_blue,exit_btn,help_btn,join_icon,rank_bg,rank_head,star_a10,star_a20,star_a30,star_b10,star_b20,star_b30"
		},
		{
			"url": "assets/p24_a.json",
			"type": "sheet",
			"name": "p24_a",
			"subkeys": "day_prize"
		},
		{
			"url": "assets/start_a.json",
			"type": "sheet",
			"name": "start_a",
			"subkeys": "boss_btn,boss_btn_prize,competition_btn,competition_btn_prize,exit_btn_start,p24_btn,p24_btn_prize,role_btn"
		},
		{
			"url": "assets/competition_a.json",
			"type": "sheet",
			"name": "competition_a",
			"subkeys": "gate_finish,gate_line_point,gate_lock,gate_unlock,my_record,rank_btn_total,rank_btn_week,rank_item_line,score_bg,start_head_mask"
		},
		{
			"url": "assets/boss_a.json",
			"type": "sheet",
			"name": "boss_a",
			"subkeys": "boss_life_bg,boss_life_green,boss_life_orange,boss_life_red,boss_life_yellow,skill_armor,skill_regain,timing_bg"
		},
		{
			"url": "assets/role/role_bg.jpg",
			"type": "image",
			"name": "role_bg_jpg"
		},
		{
			"url": "assets/role/role_record_bg.jpg",
			"type": "image",
			"name": "role_record_bg_jpg"
		},
		{
			"url": "assets/role_a.json",
			"type": "sheet",
			"name": "role_a",
			"subkeys": "boy_armor_bg,boy_boot_bg,boy_hand_bg,boy_headpiece_bg,boy_shoulder_bg,boy_weapon_bg,combat_icon,equipment_bg,equipment_combat_bg,rank_num_bg_1,rank_num_bg_2,rank_num_bg_3"
		},
		{
			"url": "assets/competition/level/level.json",
			"type": "sheet",
			"name": "c_level",
			"subkeys": "blank_bg_png,bloodgray,bloodgreen,bloodyellow,levelfail,levelwin,rolebg,share,tiao"
		},
		{
			"url": "assets/competition/level/levelbg.png",
			"type": "image",
			"name": "levelbg_png"
		},
		{
			"url": "assets/competition/level/answerbg.png",
			"type": "image",
			"name": "answerbg_png"
		},
		{
			"url": "assets/common_fuhao.json",
			"type": "sheet",
			"name": "common_fuhao",
			"subkeys": "cheng,chu,da,delet,deng,fuhaobg,jia,jian,next,over,xiao"
		},
		{
			"url": "assets/common_scene.json",
			"type": "sheet",
			"name": "common_scene",
			"subkeys": "effect_light_s,efffect_vs,search_bg,search_glass"
		},
		{
			"url": "assets/role/mc/boy/boy_stand.png",
			"type": "image",
			"name": "boy_stand_png"
		},
		{
			"url": "assets/role/mc/boy/boy_stand.json",
			"type": "json",
			"name": "boy_stand_json"
		},
		{
			"url": "assets/competition/level/levelOverBg.png",
			"type": "image",
			"name": "levelOverBg_png"
		}
	]
}