{
	"groups":[
		{
			"keys":"",
			"name":"preload"
		},
		{
			"keys":"",
			"name":"start"
		},
		{
			"keys":"",
			"name":"competition"
		},
		{
			"keys":"",
			"name":"ghost"
		},
		{
			"keys":"",
			"name":"p24"
		},
		{
			"keys":"",
			"name":"role"
		},
		{
			"keys":"c_level,levelbg_png,answerbg_png,levelOverBg_png",
			"name":"level"
		}
	],
	"resources":[
		{
			"name":"bg_png",
			"type":"image",
			"url":"assets/common/bg.png"
		},
		{
			"name":"bg2_png",
			"type":"image",
			"url":"assets/common/bg2.png"
		},
		{
			"name":"chest_json",
			"type":"json",
			"url":"assets/p24/chest.json"
		},
		{
			"name":"chest_png",
			"type":"image",
			"url":"assets/p24/chest.png"
		},
		{
			"name":"common_a",
			"subkeys":"back_btn,belt,bottom_btn_bg,box_border,btn_bg_blue,btn_bg_white,btn_bg_yellow,btn_bg_yellow2,close_btn,doublebtn_bg_blue,exit_btn,help_btn,join_icon,rank_bg,rank_head,star_a10,star_a20,star_a30,star_b10,star_b20,star_b30",
			"type":"sheet",
			"url":"assets/common_a.json"
		},
		{
			"name":"p24_a",
			"subkeys":"day_prize",
			"type":"sheet",
			"url":"assets/p24_a.json"
		},
		{
			"name":"start_a",
			"subkeys":"boss_btn,boss_btn_prize,competition_btn,competition_btn_prize,exit_btn_start,p24_btn,p24_btn_prize,role_btn",
			"type":"sheet",
			"url":"assets/start_a.json"
		},
		{
			"name":"competition_a",
			"subkeys":"gate_finish,gate_line_point,gate_lock,gate_unlock,my_record,rank_btn_total,rank_btn_week,rank_item_line,score_bg,start_head_mask",
			"type":"sheet",
			"url":"assets/competition_a.json"
		},
		{
			"name":"boss_a",
			"subkeys":"boss_life_bg,boss_life_green,boss_life_orange,boss_life_red,boss_life_yellow,skill_armor,skill_regain,timing_bg",
			"type":"sheet",
			"url":"assets/boss_a.json"
		},
		{
			"name":"role_bg_jpg",
			"type":"image",
			"url":"assets/role/role_bg.jpg"
		},
		{
			"name":"role_record_bg_jpg",
			"type":"image",
			"url":"assets/role/role_record_bg.jpg"
		},
		{
			"name":"role_a",
			"subkeys":"boy_armor_bg,boy_boot_bg,boy_hand_bg,boy_headpiece_bg,boy_shoulder_bg,boy_weapon_bg,combat_icon,equipment_bg,equipment_combat_bg,rank_num_bg_1,rank_num_bg_2,rank_num_bg_3",
			"type":"sheet",
			"url":"assets/role_a.json"
		},
		{
			"name":"c_level",
			"subkeys":"blank_bg_png,bloodgray,bloodgreen,bloodyellow,levelfail,levelwin,rolebg,share,tiao",
			"type":"sheet",
			"url":"assets/competition/level/level.json"
		},
		{
			"name":"levelbg_png",
			"type":"image",
			"url":"assets/competition/level/levelbg.png"
		},
		{
			"name":"answerbg_png",
			"type":"image",
			"url":"assets/competition/level/answerbg.png"
		},
		{
			"name":"common_fuhao",
			"subkeys":"cheng,chu,da,delet,deng,fuhaobg,jia,jian,next,over,xiao",
			"type":"sheet",
			"url":"assets/common_fuhao.json"
		},
		{
			"name":"common_scene",
			"subkeys":"search_bg,search_glass",
			"type":"sheet",
			"url":"assets/common_scene.json"
		},
		{
			"name":"boy_stand_png",
			"type":"image",
			"url":"assets/role/mc/boy/boy_stand.png"
		},
		{
			"name":"boy_stand_json",
			"type":"json",
			"url":"assets/role/mc/boy/boy_stand.json"
		},
		{
			"name":"levelOverBg_png",
			"type":"image",
			"url":"assets/competition/level/levelOverBg.png"
		}
	]
}