{
  "skins": {
    "ToggleButton": "resource/eui_skins/widget/ToggleButton.exml",
    "rcm.Aaa": "resource/eui_skins/widget/Aaa.exml"
  },
  "autoGenerateExmlsList": true,
  "exmls": [
    {
      "path": "resource/eui_skins/common/ConfirmSkin.exml",
      "content": "<?xml version=\"1.0\" encoding=\"utf-8\"?>\n<e:Skin class=\"ConfirmSkin\" width=\"600\" height=\"279\" xmlns:e=\"http://ns.egret.com/eui\" xmlns:w=\"http://ns.egret.com/wing\">\n\t<e:Image x=\"0\" y=\"0\" source=\"common_a.box_border\"/>\n\t<e:Label id=\"labelMsg\" text=\"阿斯蒂芬回归框架压紧 \" x=\"8\" y=\"71\" size=\"36\" fontFamily=\"黑体\" anchorOffsetX=\"0\" width=\"583\" textAlign=\"center\" textColor=\"0x935706\"/>\n\t<e:Button id=\"btnOK\" label=\"确定\" x=\"85\" y=\"160\">\n\t\t<e:skinName>\n\t\t\t<e:Skin states=\"up,down,disabled\">\n\t\t\t<e:Image width=\"100%\" height=\"100%\" source=\"common_a.btn_bg_yellow\"/>\n\t\t\t<e:Label id=\"labelDisplay\" horizontalCenter=\"0\" verticalCenter=\"0\" size=\"36\" fontFamily=\"黑体\" textColor=\"0x965a07\"/>\n\t\t\t</e:Skin>\n\t\t</e:skinName>\n\t</e:Button>\n\t<e:Button id=\"btnCancel\" label=\"取消\" x=\"317\" y=\"160\">\n\t\t<e:skinName>\n\t\t\t<e:Skin states=\"up,down,disabled\">\n\t\t\t<e:Image width=\"100%\" height=\"100%\" source=\"common_a.btn_bg_white\"/>\n\t\t\t<e:Label id=\"labelDisplay\" horizontalCenter=\"0\" verticalCenter=\"0\" textColor=\"0x965a07\" size=\"36\" fontFamily=\"黑体\"/>\n\t\t\t</e:Skin>\n\t\t</e:skinName>\n\t</e:Button>\n</e:Skin>"
    },
    {
      "path": "resource/eui_skins/common/SearchAvatarSkin.exml",
      "content": "<?xml version=\"1.0\" encoding=\"utf-8\"?>\n<e:Skin class=\"SearchAvatarSkin\" width=\"180\" height=\"278\" xmlns:e=\"http://ns.egret.com/eui\" xmlns:w=\"http://ns.egret.com/wing\">\n\t<e:Group id=\"avatar\" x=\"0\" y=\"0\">\n\t\t<e:Rect id=\"mcBg\" width=\"180\" height=\"180\" x=\"0\" y=\"0\" ellipseWidth=\"180\" ellipseHeight=\"180\" fillColor=\"0xFFFFFF\"/>\n\t\t<e:Rect id=\"mcAvatarBg\" width=\"170\" height=\"170\" x=\"5\" y=\"5\" ellipseWidth=\"170\" ellipseHeight=\"170\" fillColor=\"0xD8D8D8\" strokeColor=\"0xD8D8D8\" scaleX=\"1\" scaleY=\"1\"/>\n\t\t<e:Image id=\"mcAvatar\" width=\"170\" height=\"170\" x=\"5\" y=\"5\"/>\n\t\t<e:Rect id=\"mcAvatarMask\" width=\"170\" height=\"170\" x=\"5\" y=\"5\" ellipseWidth=\"170\" ellipseHeight=\"170\" fillColor=\"0xD8D8D8\" strokeColor=\"0xD8D8D8\"/>\n\t</e:Group>\n\t<e:Label id=\"txtUserName\" text=\"name\" x=\"0\" y=\"199\" size=\"34\" textColor=\"0x333333\" fontFamily=\"SimHei\" width=\"180\" textAlign=\"center\"/>\n\t<e:Label id=\"txtInfo\" text=\"school\" y=\"248\" size=\"30\" textColor=\"0x333333\" fontFamily=\"SimHei\" width=\"300\" textAlign=\"center\" anchorOffsetX=\"0\" horizontalCenter=\"-0.5\"/>\n</e:Skin>"
    },
    {
      "path": "resource/eui_skins/common/SearchSceneSkin.exml",
      "content": "<?xml version=\"1.0\" encoding=\"utf-8\"?>\n<e:Skin class=\"SearchSceneSkin\" width=\"750\" height=\"1334\" xmlns:e=\"http://ns.egret.com/eui\" xmlns:w=\"http://ns.egret.com/wing\">\n\t<e:Image id=\"mcBg\" source=\"bg2_png\" x=\"0\" y=\"0\"/>\n\t<e:Image id=\"mcGlass\" source=\"common_scene.search_glass\" x=\"261\" y=\"243\"/>\n\t<e:Group id=\"mcCancel\" x=\"0\" y=\"590\" width=\"750\">\n\t\t<e:Image id=\"mcCancelBg\" source=\"common_scene.search_bg\" x=\"0\" y=\"0\"/>\n\t\t<e:Button id=\"btnCancel\" label=\"取消\" x=\"294\" y=\"37\" anchorOffsetX=\"0\" width=\"163\" height=\"80\">\n\t\t\t<e:skinName>\n\t\t\t<e:Skin states=\"up,down,disabled\">\n\t\t\t\t<e:Image width=\"100%\" height=\"100%\" source=\"common_a.btn_bg_yellow2\" scale9Grid=\"41,26,128,39\"/>\n\t\t\t\t<e:Label id=\"labelDisplay\" horizontalCenter=\"0\" verticalCenter=\"0\" textColor=\"0x965a07\" size=\"36\" fontFamily=\"黑体\" text=\"Button\"/>\n\t\t\t</e:Skin>\n\t\t\t</e:skinName>\n\t\t</e:Button>\n\t</e:Group>\n</e:Skin>"
    },
    {
      "path": "resource/eui_skins/common/VSSceneSkin.exml",
      "content": "<?xml version=\"1.0\" encoding=\"utf-8\"?>\n<e:Skin class=\"VSSceneSkin\" width=\"750\" height=\"1334\" xmlns:e=\"http://ns.egret.com/eui\" xmlns:w=\"http://ns.egret.com/wing\">\n\t<e:Image id=\"mcBg\" source=\"bg2_png\" x=\"0\" y=\"0\"/>\n\t<e:Image id=\"mcLight\" source=\"common_scene.effect_light_s\" x=\"375\" y=\"667\" width=\"760\" anchorOffsetX=\"380\" anchorOffsetY=\"380\"/>\n\t<e:Image id=\"mcVS\" source=\"common_scene.efffect_vs\" x=\"141\" y=\"576\"/>\n</e:Skin>"
    },
    {
      "path": "resource/eui_skins/competition/AnswerSkin.exml",
      "content": "<?xml version=\"1.0\" encoding=\"utf-8\"?>\r\n<e:Skin class=\"AnswerSkin\" width=\"750\" height=\"1334\" xmlns:e=\"http://ns.egret.com/eui\" xmlns:w=\"http://ns.egret.com/wing\" xmlns:rcm=\"rcm.*\">\r\n\t<e:Image source=\"answerbg_png\" x=\"0\" y=\"0\" width=\"750\" height=\"1334\"/>\r\n\t<e:Image source=\"levelbg_png\" x=\"0\" y=\"0\"/>\r\n\t<e:Label id=\"txtTime\" text=\"Label\" x=\"285\" y=\"172\" anchorOffsetX=\"0\" width=\"186\" anchorOffsetY=\"0\" height=\"37\" fontFamily=\"Microsoft YaHei\" textAlign=\"center\" size=\"25\" verticalAlign=\"top\"/>\r\n\t<e:Image id=\"btnBack\" source=\"common_a.back_btn\" x=\"46\" y=\"25\"/>\r\n\t\r\n</e:Skin>"
    },
    {
      "path": "resource/eui_skins/competition/CompetitionSceneSkin.exml",
      "content": "<?xml version=\"1.0\" encoding=\"utf-8\"?>\n<e:Skin class=\"CompetitionSceneSkin\" width=\"750\" height=\"1334\" xmlns:e=\"http://ns.egret.com/eui\" xmlns:w=\"http://ns.egret.com/wing\" xmlns:rcm=\"rcm.*\">\n\t<e:Image source=\"bg2_png\" x=\"0\" y=\"0\"/>\n\t<e:Group id=\"competitionView\" width=\"750\" height=\"1334\">\n\t\t<e:Scroller id=\"gateScroller\" width=\"750\" height=\"1212\" x=\"0\" y=\"0\" anchorOffsetY=\"0\">\n\t\t\t<e:Group>\n\t\t\t\t<e:Rect id=\"gateScrollerBg\" width=\"100\" height=\"1212\" x=\"0\" y=\"0\" fillAlpha=\"0\"/>\n\t\t\t</e:Group>\n\t\t</e:Scroller>\n\t\t<e:Image id=\"btnMyRecord\" source=\"competition_a.my_record\" x=\"54\" y=\"1029\" scaleX=\"1\" scaleY=\"1\"/>\n\t</e:Group>\n\t<e:Group id=\"ladderView\" width=\"750\" height=\"1334\" visible=\"false\">\n\t\t<e:Image x=\"92\" y=\"210\" scaleX=\"1\" scaleY=\"1\" source=\"competition_a.score_bg\"/>\n\t\t<e:Label id=\"labLevel\" text=\"00\" x=\"239\" y=\"364\" scaleX=\"1\" scaleY=\"1\" textColor=\"0xf8e71c\" size=\"64\" fontFamily=\"黑体\" textAlign=\"right\" anchorOffsetX=\"0\" width=\"155\"/>\n\t\t<e:Label text=\"级\" x=\"401\" y=\"392\" scaleX=\"1\" scaleY=\"1\" textColor=\"0xF8E71C\" size=\"24\" fontFamily=\"黑体\"/>\n\t\t<e:Button label=\"匹配对战\" x=\"190\" y=\"772\" anchorOffsetX=\"0\" width=\"370\" scaleX=\"1\" scaleY=\"1\">\n\t\t\t<e:skinName>\n\t\t\t<e:Skin states=\"up,down,disabled\">\n\t\t\t\t<e:Image width=\"100%\" height=\"100%\" source=\"common_a.btn_bg_yellow2\" scale9Grid=\"41,11,128,72\"/>\n\t\t\t\t<e:Label id=\"labelDisplay\" horizontalCenter=\"0\" verticalCenter=\"0\" textColor=\"0x965a07\" size=\"36\" fontFamily=\"黑体\" text=\"Button\"/>\n\t\t\t</e:Skin>\n\t\t\t</e:skinName>\n\t\t</e:Button>\n\t\t<e:Button label=\"和朋友切磋\" x=\"190\" y=\"922\" anchorOffsetX=\"0\" width=\"370\" scaleX=\"1\" scaleY=\"1\">\n\t\t\t<e:skinName>\n\t\t\t<e:Skin states=\"up,down,disabled\">\n\t\t\t\t<e:Image width=\"100%\" height=\"100%\" source=\"common_a.btn_bg_yellow2\" scale9Grid=\"42,11,126,72\"/>\n\t\t\t\t<e:Label id=\"labelDisplay\" horizontalCenter=\"0\" verticalCenter=\"0\" size=\"36\" fontFamily=\"黑体\" text=\"Button\" textColor=\"0x965a07\"/>\n\t\t\t</e:Skin>\n\t\t\t</e:skinName>\n\t\t</e:Button>\n\t</e:Group>\n\t<e:Image source=\"common_a.bottom_btn_bg\" x=\"-3\" bottom=\"0\"/>\n\t<e:ToggleButton id=\"btnCompetition\" label=\"同步竞技\" x=\"20\" y=\"1225\">\n\t\t<e:skinName>\n\t\t<e:Skin states=\"up,down,disabled\">\n\t\t\t<e:Rect width=\"333\" height=\"96\" x=\"0\" y=\"0\" fillColor=\"0xFFFFFF\" fillAlpha=\"0.2\" ellipseWidth=\"10\" ellipseHeight=\"10\" fillAlpha.up=\"0\"/>\n\t\t\t<e:Label id=\"labelDisplay\" horizontalCenter=\"0\" verticalCenter=\"0\" size=\"36\" fontFamily=\"黑体\" x=\"10\" y=\"10\"/>\n\t\t</e:Skin>\n\t\t</e:skinName>\n\t</e:ToggleButton>\n\t<e:ToggleButton id=\"btnLadder\" label=\"天梯挑战\" x=\"397\" y=\"1225\">\n\t\t<e:skinName>\n\t\t<e:Skin states=\"up,down,disabled\">\n\t\t\t<e:Rect width=\"333\" height=\"96\" x=\"0\" y=\"0\" fillColor=\"0xFFFFFF\" fillAlpha=\"0.2\" ellipseWidth=\"10\" ellipseHeight=\"10\" fillAlpha.up=\"0\"/>\n\t\t\t<e:Label id=\"labelDisplay\" horizontalCenter=\"0\" verticalCenter=\"0\" size=\"36\" fontFamily=\"黑体\" x=\"10\" y=\"10\"/>\n\t\t</e:Skin>\n\t\t</e:skinName>\n\t</e:ToggleButton>\n\t<e:Image source=\"competition_a.start_head_mask\" x=\"0\" y=\"0\" touchEnabled=\"false\"/>\n\t<e:Label id=\"labGrade\" text=\"年级\" y=\"47\" size=\"36\" fontFamily=\"黑体\" horizontalCenter=\"0\" width=\"400\" textAlign=\"center\"/>\n\t<e:Image id=\"btnHelp\" x=\"560\" y=\"30\" source=\"common_a.help_btn\"/>\n\t<e:Image id=\"btnBack\" x=\"28\" y=\"30\" source=\"common_a.back_btn\"/>\n\t<e:Image id=\"btnExit\" x=\"650\" y=\"30\" source=\"common_a.exit_btn\"/>\n</e:Skin>"
    },
    {
      "path": "resource/eui_skins/competition/GateDetailsSkin.exml",
      "content": "<?xml version=\"1.0\" encoding=\"utf-8\"?>\n<e:Skin class=\"GateDetailsSkin\" width=\"750\" height=\"1334\" xmlns:e=\"http://ns.egret.com/eui\" xmlns:w=\"http://ns.egret.com/wing\" >\n\t<w:Config id=\"15acff7ad63\" ></w:Config>\n\t<e:Image source=\"common_a.box_border\" x=\"20\" y=\"72\" scale9Grid=\"75,34,450,211\" width=\"710\" height=\"360\"/>\n\t<e:Image source=\"common_a.belt\" x=\"100\" y=\"0\"/>\n\t<e:Image source=\"common_a.rank_head\" x=\"20\" y=\"448\"/>\n\t<e:Image source=\"common_a.join_icon\" x=\"52\" y=\"396\"/>\n\t<e:Rect width=\"600\" height=\"80\" x=\"78\" y=\"198\" fillColor=\"0xf6e0bd\" strokeColor=\"0xad8a56\" strokeWeight=\"2\" ellipseWidth=\"20\" ellipseHeight=\"20\" strokeAlpha=\"0.5\"/>\n\t<e:Label id=\"labLessonName\" text=\"几位数乘几位数\" x=\"74\" y=\"134\" fontFamily=\"黑体\" textColor=\"0x935706\" size=\"36\" textAlign=\"center\" width=\"600\" bold=\"true\"/>\n\t<e:Label id=\"labWhichGate\" text=\"第三关\" x=\"80\" y=\"32\" fontFamily=\"黑体\" size=\"36\" textAlign=\"center\" width=\"600\" bold=\"true\" textColor=\"0xffffff\"/>\n\t<e:Label text=\"总排行：\" x=\"115\" y=\"220\" fontFamily=\"黑体\" textColor=\"0x935706\" size=\"36\" textAlign=\"left\" width=\"145\" anchorOffsetX=\"0\"/>\n\t<e:Label text=\" 周排行：\" x=\"408\" y=\"220\" fontFamily=\"黑体\" textColor=\"0x935706\" size=\"36\" textAlign=\"left\" width=\"178\" anchorOffsetX=\"0\"/>\n\t<e:Label id=\"labTotalRank\" text=\"00000\" x=\"248\" y=\"220\" fontFamily=\"黑体\" size=\"36\" textAlign=\"left\" width=\"120\" anchorOffsetX=\"0\" textColor=\"0xc86316\" bold=\"true\"/>\n\t<e:Label id=\"labWeekRank\" text=\"00000\" x=\"554\" y=\"220\" fontFamily=\"黑体\" textColor=\"0xC86316\" size=\"36\" textAlign=\"left\" width=\"120\" anchorOffsetX=\"0\" bold=\"true\"/>\n\t<e:Button id=\"btnGo\" label=\"开始闯关\" x=\"262\" y=\"308\" anchorOffsetX=\"0\" width=\"240\">\n\t\t<e:skinName>\n\t\t<e:Skin states=\"up,down,disabled\">\n\t\t\t<e:Image width=\"100%\" height=\"100%\" source=\"common_a.btn_bg_yellow2\" scale9Grid=\"41,11,128,72\"/>\n\t\t\t<e:Label id=\"labelDisplay\" horizontalCenter=\"0\" verticalCenter=\"0\" textColor=\"0x965a07\" size=\"36\" fontFamily=\"黑体\" text=\"Button\"/>\n\t\t</e:Skin>\n\t\t</e:skinName>\n\t</e:Button>\n\t<e:Image id=\"btnClose\" x=\"670\" y=\"44\" source=\"common_a.close_btn\"/>\n\t<e:Rect width=\"710\" height=\"780\" x=\"20\" y=\"538\" fillColor=\"0xfdcc36\" ellipseWidth=\"20\" ellipseHeight=\"20\"/>\n\t<e:Rect width=\"682\" height=\"370\" x=\"36\" y=\"934\" fillColor=\"0xFCFCFC\" anchorOffsetX=\"0\" anchorOffsetY=\"0\" ellipseWidth=\"20\" ellipseHeight=\"20\" scaleX=\"1\" scaleY=\"1\" visible=\"false\"/>\n\t<e:Scroller id=\"scroller\" width=\"682\" height=\"742\" x=\"36\" y=\"562\" anchorOffsetY=\"0\">\n\t\t<e:Group>\n\t\t<e:Rect width=\"682\" height=\"356\" x=\"0\" y=\"0\" fillColor=\"0xfcfcfc\" anchorOffsetX=\"0\" anchorOffsetY=\"0\" ellipseWidth=\"20\" ellipseHeight=\"20\" scaleX=\"1\" scaleY=\"1\"/>\n\t\t<e:Rect id=\"rankDownBg\" width=\"682\" height=\"370\" x=\"0\" y=\"372\" anchorOffsetX=\"0\" anchorOffsetY=\"0\" ellipseWidth=\"20\" ellipseHeight=\"20\" scaleX=\"1\" scaleY=\"1\" fillColor=\"0xffffff\"/>\n\t\t</e:Group>\n\t</e:Scroller>\n\t<e:Image id=\"imgRankBtn\" source=\"competition_a.rank_btn_total\" x=\"146\" y=\"460\"/>\n\t<e:Rect id=\"btnTotalRank\" width=\"230\" height=\"74\" x=\"146\" y=\"464\" fillColor=\"0x000000\" fillAlpha=\"0\"/>\n\t<e:Rect id=\"btnWeekRank\" width=\"230\" height=\"74\" x=\"378\" y=\"464\" fillAlpha=\"0\"/>\n</e:Skin>"
    },
    {
      "path": "resource/eui_skins/competition/GateRankItemSkin.exml",
      "content": "<?xml version=\"1.0\" encoding=\"utf-8\"?>\n<e:Skin class=\"GateRankItemSkin\" width=\"682\" height=\"116\" xmlns:e=\"http://ns.egret.com/eui\" xmlns:w=\"http://ns.egret.com/wing\">\n\t<e:Rect width=\"682\" height=\"116\" x=\"0\" y=\"0\" fillColor=\"0xffffff\" visible=\"false\"/>\n\t<e:Label id=\"labStudentName\" text=\"涛哥\" x=\"160\" y=\"12\" textColor=\"0x905a44\" size=\"36\" fontFamily=\"黑体\"/>\n\t<e:Label id=\"labSchoolName\" text=\"杭州学军小学中学\" x=\"156\" y=\"66\" size=\"36\" fontFamily=\"黑体\" textColor=\"0x333333\"/>\n\t<e:Label id=\"labUserTime\" text=\"123456秒\" x=\"496\" y=\"46\" size=\"36\" fontFamily=\"黑体\" textColor=\"0x12b8ce\" bold=\"true\" textAlign=\"right\" width=\"150\"/>\n\t<e:Rect id=\"rectRankingBg\" width=\"60\" height=\"60\" x=\"36\" y=\"28\" fillColor=\"0xf5a721\" ellipseWidth=\"60\" ellipseHeight=\"60\" strokeColor=\"0xd38406\" strokeWeight=\"2\"/>\n\t<e:Label id=\"labRanking\" text=\"000\" x=\"20\" y=\"38\" size=\"40\" fontFamily=\"黑体\" italic=\"true\" bold=\"true\" textColor=\"0xffffff\" textAlign=\"center\" width=\"85\" anchorOffsetX=\"0\"/>\n\t<e:Image id=\"imgLine\" source=\"competition_a.rank_item_line\" x=\"18\" y=\"112\"/>\n</e:Skin>"
    },
    {
      "path": "resource/eui_skins/competition/Key1Skin.exml",
      "content": "<?xml version=\"1.0\" encoding=\"utf-8\"?>\r\n<e:Skin class=\"Key1Skin\" width=\"750\" height=\"390\" xmlns:e=\"http://ns.egret.com/eui\" xmlns:w=\"http://ns.egret.com/wing\" xmlns:rcm=\"rcm.*\">\r\n\t<e:Button id=\"btn8\" label=\"\" x=\"0\" y=\"0\">\r\n\t\t<e:skinName>\r\n\t\t\t<e:Skin states=\"up,down,disabled\">\r\n\t\t\t<e:Image width=\"100%\" height=\"100%\" source=\"common_fuhao.next\"/>\r\n\t\t\t<e:Label id=\"labelDisplay\" horizontalCenter=\"0\" verticalCenter=\"0\"/>\r\n\t\t\t</e:Skin>\r\n\t\t</e:skinName>\r\n\t</e:Button>\r\n\t<e:Button id=\"overBtn\" label=\"\" x=\"0\" y=\"0\">\r\n\t\t<e:skinName>\r\n\t\t<e:Skin states=\"up,down,disabled\">\r\n\t\t\t<e:Image width=\"100%\" height=\"100%\" source=\"common_fuhao.over\"/>\r\n\t\t\t<e:Label id=\"labelDisplay\" horizontalCenter=\"0\" verticalCenter=\"0\"/>\r\n\t\t</e:Skin>\r\n\t\t</e:skinName>\r\n\t</e:Button>\r\n\t<e:Button id=\"btn0\" label=\"\" x=\"0\" y=\"100\">\r\n\t\t<e:skinName>\r\n\t\t<e:Skin states=\"up,down,disabled\">\r\n\t\t\t<e:Rect width=\"250\" height=\"98\" x=\"0\" y=\"0\" fillColor=\"0xfcfcfc\" strokeAlpha=\"1\"/>\r\n\t\t\t<e:Label id=\"labelDisplay\" horizontalCenter=\"0\" verticalCenter=\"0\" size=\"36\" fontFamily=\"黑体\" textColor=\"0x050505\"/>\r\n\t\t</e:Skin>\r\n\t\t</e:skinName>\r\n\t</e:Button>\r\n\t<e:Button id=\"btn1\" label=\"\" x=\"250\" y=\"100\">\r\n\t\t<e:skinName>\r\n\t\t<e:Skin states=\"up,down,disabled\">\r\n\t\t\t<e:Rect width=\"250\" height=\"98\" x=\"0\" y=\"0\" fillColor=\"0xfcfcfc\" strokeAlpha=\"1\"/>\r\n\t\t\t<e:Label id=\"labelDisplay\" horizontalCenter=\"0\" verticalCenter=\"0\" size=\"36\" fontFamily=\"黑体\" textColor=\"0x020202\"/>\r\n\t\t</e:Skin>\r\n\t\t</e:skinName>\r\n\t</e:Button>\r\n\t<e:Button id=\"btn2\" label=\"\" x=\"500\" y=\"100\">\r\n\t\t<e:skinName>\r\n\t\t<e:Skin states=\"up,down,disabled\">\r\n\t\t\t<e:Rect width=\"250\" height=\"98\" x=\"0\" y=\"0\" fillColor=\"0xfcfcfc\" strokeAlpha=\"1\"/>\r\n\t\t\t<e:Label id=\"labelDisplay\" horizontalCenter=\"0\" verticalCenter=\"0\" size=\"36\" fontFamily=\"黑体\" textColor=\"0x020202\"/>\r\n\t\t</e:Skin>\r\n\t\t</e:skinName>\r\n\t</e:Button>\r\n\t<e:Button id=\"btn3\" label=\"\" x=\"0\" y=\"195\">\r\n\t\t<e:skinName>\r\n\t\t<e:Skin states=\"up,down,disabled\">\r\n\t\t\t<e:Rect width=\"250\" height=\"98\" x=\"0\" y=\"0\" fillColor=\"0xfcfcfc\" strokeAlpha=\"1\"/>\r\n\t\t\t<e:Label id=\"labelDisplay\" horizontalCenter=\"0\" verticalCenter=\"0\" size=\"36\" fontFamily=\"黑体\" textColor=\"0x020202\"/>\r\n\t\t</e:Skin>\r\n\t\t</e:skinName>\r\n\t</e:Button>\r\n\t<e:Button id=\"btn4\" label=\"\" x=\"250\" y=\"195\">\r\n\t\t<e:skinName>\r\n\t\t<e:Skin states=\"up,down,disabled\">\r\n\t\t\t<e:Rect width=\"250\" height=\"98\" x=\"0\" y=\"0\" fillColor=\"0xfcfcfc\" strokeAlpha=\"1\"/>\r\n\t\t\t<e:Label id=\"labelDisplay\" horizontalCenter=\"0\" verticalCenter=\"0\" size=\"36\" fontFamily=\"黑体\" textColor=\"0x020202\"/>\r\n\t\t</e:Skin>\r\n\t\t</e:skinName>\r\n\t</e:Button>\r\n\t<e:Button id=\"btn5\" label=\"\" x=\"500\" y=\"195\">\r\n\t\t<e:skinName>\r\n\t\t<e:Skin states=\"up,down,disabled\">\r\n\t\t\t<e:Rect width=\"250\" height=\"98\" x=\"0\" y=\"0\" fillColor=\"0xfcfcfc\" strokeAlpha=\"1\"/>\r\n\t\t\t<e:Label id=\"labelDisplay\" horizontalCenter=\"0\" verticalCenter=\"0\" size=\"36\" fontFamily=\"黑体\" textColor=\"0x050200\"/>\r\n\t\t</e:Skin>\r\n\t\t</e:skinName>\r\n\t</e:Button>\r\n\t<e:Image source=\"common_fuhao.jia\" x=\"110\" y=\"137\"/>\r\n\t<e:Image source=\"common_fuhao.jian\" x=\"365\" y=\"146\"/>\r\n\t<e:Image source=\"common_fuhao.cheng\" x=\"620\" y=\"135\"/>\r\n\t<e:Image source=\"common_fuhao.chu\" x=\"112\" y=\"232\"/>\r\n\t<e:Image source=\"common_fuhao.xiao\" x=\"365\" y=\"233\"/>\r\n\t<e:Image source=\"common_fuhao.da\" x=\"622\" y=\"235\"/>\r\n\t<e:Button id=\"btn6\" label=\"\" x=\"0\" y=\"292\" anchorOffsetX=\"0\" width=\"500\">\r\n\t\t<e:skinName>\r\n\t\t<e:Skin states=\"up,down,disabled\">\r\n\t\t\t<e:Rect width=\"500\" height=\"98\" x=\"0\" y=\"0\" fillColor=\"0xfcfcfc\" strokeAlpha=\"1\" anchorOffsetX=\"0\"/>\r\n\t\t\t<e:Label id=\"labelDisplay\" horizontalCenter=\"0\" verticalCenter=\"0\" size=\"36\" fontFamily=\"黑体\" textColor=\"0x020202\"/>\r\n\t\t</e:Skin>\r\n\t\t</e:skinName>\r\n\t</e:Button>\r\n\t<e:Button id=\"btn7\" label=\"\" x=\"499.5\" y=\"293\">\r\n\t\t<e:skinName>\r\n\t\t\t<e:Skin states=\"up,down,disabled\">\r\n\t\t\t<e:Image width=\"100%\" height=\"100%\" source=\"common_fuhao.delet\"/>\r\n\t\t\t<e:Label id=\"labelDisplay\" horizontalCenter=\"0\" verticalCenter=\"0\"/>\r\n\t\t\t</e:Skin>\r\n\t\t</e:skinName>\r\n\t</e:Button>\r\n\t<e:Image source=\"common_fuhao.deng\" x=\"237.5\" y=\"333.5\"/>\r\n\t\r\n\t\r\n\t\r\n</e:Skin>"
    },
    {
      "path": "resource/eui_skins/competition/KeySkin.exml",
      "content": "<?xml version=\"1.0\" encoding=\"utf-8\"?>\r\n<e:Skin class=\"KeySkin\" width=\"750\" height=\"488\" xmlns:e=\"http://ns.egret.com/eui\" xmlns:w=\"http://ns.egret.com/wing\" xmlns:rcm=\"rcm.*\">\r\n\t<e:Button id=\"btn12\" label=\"\" x=\"0\" y=\"0\">\r\n\t\t<e:skinName>\r\n\t\t\t<e:Skin states=\"up,down,disabled\">\r\n\t\t\t<e:Image width=\"100%\" height=\"100%\" source=\"common_fuhao.next\"/>\r\n\t\t\t<e:Label id=\"labelDisplay\" horizontalCenter=\"0\" verticalCenter=\"0\"/>\r\n\t\t\t</e:Skin>\r\n\t\t</e:skinName>\r\n\t</e:Button>\r\n\t<e:Button id=\"overBtn\" label=\"\" x=\"0\" y=\"0\">\r\n\t\t<e:skinName>\r\n\t\t<e:Skin states=\"up,down,disabled\">\r\n\t\t\t<e:Image width=\"100%\" height=\"100%\" source=\"common_fuhao.over\"/>\r\n\t\t\t<e:Label id=\"labelDisplay\" horizontalCenter=\"0\" verticalCenter=\"0\"/>\r\n\t\t</e:Skin>\r\n\t\t</e:skinName>\r\n\t</e:Button>\r\n\t<e:Button id=\"btn1\" label=\"1\" x=\"0\" y=\"100\">\r\n\t\t<e:skinName>\r\n\t\t<e:Skin states=\"up,down,disabled\">\r\n\t<e:Rect width=\"250\" height=\"98\" x=\"0\" y=\"0\" fillColor=\"0xfcfcfc\" strokeAlpha=\"1\"/>\r\n\t\t\t<e:Label id=\"labelDisplay\" horizontalCenter=\"0\" verticalCenter=\"0\" size=\"36\" fontFamily=\"黑体\" textColor=\"0x050505\"/>\r\n\t\t</e:Skin>\r\n\t\t</e:skinName>\r\n\t</e:Button>\r\n\t<e:Button id=\"btn2\" label=\"2\" x=\"250\" y=\"100\">\r\n\t\t<e:skinName>\r\n\t\t<e:Skin states=\"up,down,disabled\">\r\n\t<e:Rect width=\"250\" height=\"98\" x=\"0\" y=\"0\" fillColor=\"0xfcfcfc\" strokeAlpha=\"1\"/>\r\n\t\t\t<e:Label id=\"labelDisplay\" horizontalCenter=\"0\" verticalCenter=\"0\" size=\"36\" fontFamily=\"黑体\" textColor=\"0x020202\"/>\r\n\t\t</e:Skin>\r\n\t\t</e:skinName>\r\n\t</e:Button>\r\n\t<e:Button id=\"btn3\" label=\"3\" x=\"500\" y=\"100\">\r\n\t\t<e:skinName>\r\n\t\t<e:Skin states=\"up,down,disabled\">\r\n\t<e:Rect width=\"250\" height=\"98\" x=\"0\" y=\"0\" fillColor=\"0xfcfcfc\" strokeAlpha=\"1\"/>\r\n\t\t\t<e:Label id=\"labelDisplay\" horizontalCenter=\"0\" verticalCenter=\"0\" size=\"36\" fontFamily=\"黑体\" textColor=\"0x020202\"/>\r\n\t\t</e:Skin>\r\n\t\t</e:skinName>\r\n\t</e:Button>\r\n\t<e:Button id=\"btn4\" label=\"4\" x=\"0\" y=\"195\">\r\n\t\t<e:skinName>\r\n\t\t<e:Skin states=\"up,down,disabled\">\r\n\t<e:Rect width=\"250\" height=\"98\" x=\"0\" y=\"0\" fillColor=\"0xfcfcfc\" strokeAlpha=\"1\"/>\r\n\t\t\t<e:Label id=\"labelDisplay\" horizontalCenter=\"0\" verticalCenter=\"0\" size=\"36\" fontFamily=\"黑体\" textColor=\"0x020202\"/>\r\n\t\t</e:Skin>\r\n\t\t</e:skinName>\r\n\t</e:Button>\r\n\t<e:Button id=\"btn5\" label=\"5\" x=\"250\" y=\"195\">\r\n\t\t<e:skinName>\r\n\t\t<e:Skin states=\"up,down,disabled\">\r\n\t<e:Rect width=\"250\" height=\"98\" x=\"0\" y=\"0\" fillColor=\"0xfcfcfc\" strokeAlpha=\"1\"/>\r\n\t\t\t<e:Label id=\"labelDisplay\" horizontalCenter=\"0\" verticalCenter=\"0\" size=\"36\" fontFamily=\"黑体\" textColor=\"0x020202\"/>\r\n\t\t</e:Skin>\r\n\t\t</e:skinName>\r\n\t</e:Button>\r\n\t<e:Button id=\"btn6\" label=\"6\" x=\"500\" y=\"195\">\r\n\t\t<e:skinName>\r\n\t\t<e:Skin states=\"up,down,disabled\">\r\n\t<e:Rect width=\"250\" height=\"98\" x=\"0\" y=\"0\" fillColor=\"0xfcfcfc\" strokeAlpha=\"1\"/>\r\n\t\t\t<e:Label id=\"labelDisplay\" horizontalCenter=\"0\" verticalCenter=\"0\" size=\"36\" fontFamily=\"黑体\" textColor=\"0x050200\"/>\r\n\t\t</e:Skin>\r\n\t\t</e:skinName>\r\n\t</e:Button>\r\n\t<e:Button id=\"btn7\" label=\"7\" x=\"0\" y=\"293\">\r\n\t\t<e:skinName>\r\n\t\t<e:Skin states=\"up,down,disabled\">\r\n\t\t\t<e:Rect width=\"250\" height=\"98\" x=\"0\" y=\"0\" fillColor=\"0xfcfcfc\" strokeAlpha=\"1\"/>\r\n\t\t\t<e:Label id=\"labelDisplay\" horizontalCenter=\"0\" verticalCenter=\"0\" size=\"36\" fontFamily=\"黑体\" textColor=\"0x020202\"/>\r\n\t\t</e:Skin>\r\n\t\t</e:skinName>\r\n\t</e:Button>\r\n\t<e:Button id=\"btn8\" label=\"8\" x=\"250\" y=\"293\">\r\n\t\t<e:skinName>\r\n\t\t<e:Skin states=\"up,down,disabled\">\r\n\t\t\t<e:Rect width=\"250\" height=\"98\" x=\"0\" y=\"0\" fillColor=\"0xfcfcfc\" strokeAlpha=\"1\"/>\r\n\t\t\t<e:Label id=\"labelDisplay\" horizontalCenter=\"0\" verticalCenter=\"0\" size=\"36\" fontFamily=\"黑体\" textColor=\"0x020202\"/>\r\n\t\t</e:Skin>\r\n\t\t</e:skinName>\r\n\t</e:Button>\r\n\t<e:Button id=\"btn0\" label=\"0\" x=\"0\" y=\"391\">\r\n\t\t<e:skinName>\r\n\t\t<e:Skin states=\"up,down,disabled\">\r\n\t\t\t<e:Rect width=\"250\" height=\"98\" x=\"0\" y=\"0\" fillColor=\"0xfcfcfc\" strokeAlpha=\"1\"/>\r\n\t\t\t<e:Label id=\"labelDisplay\" horizontalCenter=\"0\" verticalCenter=\"0\" size=\"36\" fontFamily=\"黑体\" textColor=\"0x020202\"/>\r\n\t\t</e:Skin>\r\n\t\t</e:skinName>\r\n\t</e:Button>\r\n\t<e:Button id=\"btn10\" label=\".\" x=\"250\" y=\"391\">\r\n\t\t<e:skinName>\r\n\t\t<e:Skin states=\"up,down,disabled\">\r\n\t\t\t<e:Rect width=\"250\" height=\"98\" x=\"0\" y=\"0\" fillColor=\"0xfcfcfc\" strokeAlpha=\"1\"/>\r\n\t\t\t<e:Label id=\"labelDisplay\" horizontalCenter=\"0\" verticalCenter=\"0\" size=\"36\" fontFamily=\"黑体\" textColor=\"0x020202\"/>\r\n\t\t</e:Skin>\r\n\t\t</e:skinName>\r\n\t</e:Button>\r\n\t<e:Button id=\"btn9\" label=\"9\" x=\"500\" y=\"293\">\r\n\t\t<e:skinName>\r\n\t\t<e:Skin states=\"up,down,disabled\">\r\n\t\t\t<e:Rect width=\"250\" height=\"98\" x=\"0\" y=\"0\" fillColor=\"0xfcfcfc\" strokeAlpha=\"1\"/>\r\n\t\t\t<e:Label id=\"labelDisplay\" horizontalCenter=\"0\" verticalCenter=\"0\" size=\"36\" fontFamily=\"黑体\" textColor=\"0x050200\"/>\r\n\t\t</e:Skin>\r\n\t\t</e:skinName>\r\n\t</e:Button>\r\n\t<e:Button id=\"btn11\" label=\"\" x=\"500\" y=\"391\">\r\n\t\t<e:skinName>\r\n\t\t\t<e:Skin states=\"up,down,disabled\">\r\n\t\t\t<e:Image width=\"100%\" height=\"100%\" source=\"common_fuhao.delet\"/>\r\n\t\t\t<e:Label id=\"labelDisplay\" horizontalCenter=\"0\" verticalCenter=\"0\"/>\r\n\t\t\t</e:Skin>\r\n\t\t</e:skinName>\r\n\t</e:Button>\r\n\t\r\n\t\r\n</e:Skin>"
    },
    {
      "path": "resource/eui_skins/competition/LevelOverSkin.exml",
      "content": "<?xml version=\"1.0\" encoding=\"utf-8\"?>\r\n<e:Skin class=\"LevelOverSkin\" width=\"750\" height=\"1334\" xmlns:e=\"http://ns.egret.com/eui\" xmlns:w=\"http://ns.egret.com/wing\" xmlns:rcm=\"rcm.*\">\r\n\t<e:Image source=\"levelOverBg_png\" x=\"0\" y=\"0\"/>\r\n\t<e:Image id=\"light\" source=\"c_level.yellowfair\" y=\"58\"/>\r\n\t<e:Image source=\"c_level.overbg\" x=\"0\" y=\"465\" anchorOffsetX=\"0\" width=\"750\" anchorOffsetY=\"0\" height=\"391\"/>\r\n\t<e:Button id=\"btnWrong\" label=\"查看错题\" x=\"374\" y=\"698\" anchorOffsetY=\"0\" height=\"65\">\r\n\t\t<e:skinName>\r\n\t\t<e:Skin states=\"up,down,disabled\">\r\n\t\t\t<e:Label id=\"labelDisplay\" horizontalCenter=\"0\" verticalCenter=\"0\" size=\"30\" fontFamily=\"黑体\" textColor=\"0xffffff\"/>\r\n\t<e:Rect width=\"200\" height=\"62\" y=\"3\" anchorOffsetX=\"0\" anchorOffsetY=\"0\" fillAlpha=\"0.37\" ellipseWidth=\"20\" ellipseHeight=\"20\" fillColor=\"0xffffff\"/>\r\n\t\t</e:Skin>\r\n\t\t</e:skinName>\r\n\t</e:Button>\r\n\t<e:Image id=\"title\" source=\"c_level.levelwin\" x=\"120.5\" y=\"298\"/>\r\n\t<e:Image id=\"btn\" source=\"c_level.share\" x=\"274\" y=\"1078\"/>\r\n\t<e:Label id=\"txtTime\" text=\"78.23秒\" x=\"246\" y=\"548\" size=\"64\" fontFamily=\"SimHei\" textAlign=\"center\" anchorOffsetX=\"0\" width=\"280\"/>\r\n\t<e:Label text=\"答对：\" x=\"136\" y=\"662\" size=\"36\" fontFamily=\"SimHei\"/>\r\n\t<e:Label id=\"txtRight\" text=\"15\" x=\"243\" y=\"656\" size=\"48\" fontFamily=\"SimHei\" anchorOffsetX=\"0\" width=\"88\"/>\r\n\t<e:Label id=\"txtWrong\" text=\"0\" x=\"243\" y=\"718\" size=\"48\" fontFamily=\"SimHei\" textColor=\"0xf8e71c\" anchorOffsetX=\"0\" width=\"66\"/>\r\n\t<e:Label text=\"答错：\" x=\"137\" y=\"724\" size=\"36\" fontFamily=\"SimHei\"/>\r\n\t<e:Group id=\"con\" width=\"744\" height=\"148\" x=\"2\" y=\"870\" anchorOffsetX=\"0\" anchorOffsetY=\"0\">\r\n\t\t<e:Image source=\"c_level.overbg\" x=\"-1\" y=\"0\" anchorOffsetX=\"0\" width=\"750\" scaleX=\"1\" scaleY=\"1\"/>\r\n\t\t<e:Label id=\"txtTotalPai\" text=\"总排行：\" x=\"119.5\" y=\"52.5\" size=\"36\" fontFamily=\"SimHei\" scaleX=\"1\" scaleY=\"1\"/>\r\n\t\t<e:Label id=\"txtWeekPai\" text=\"周排行：\" x=\"378\" y=\"52.5\" size=\"36\" fontFamily=\"SimHei\" scaleX=\"1\" scaleY=\"1\"/>\r\n\t\t<e:Label id=\"txtTotal\" text=\"15\" x=\"259\" y=\"46.5\" size=\"48\" fontFamily=\"SimHei\" anchorOffsetX=\"0\" width=\"102\" scaleX=\"1\" scaleY=\"1\"/>\r\n\t\t<e:Label id=\"txtWeek\" text=\"15\" x=\"522\" y=\"46.5\" size=\"48\" fontFamily=\"SimHei\" anchorOffsetX=\"0\" width=\"102\" scaleX=\"1\" scaleY=\"1\"/>\r\n\t</e:Group>\r\n</e:Skin>"
    },
    {
      "path": "resource/eui_skins/competition/MyRecordSkin.exml",
      "content": "<?xml version=\"1.0\" encoding=\"utf-8\"?>\n<e:Skin class=\"MyRecordSkin\" width=\"564\" height=\"876\" xmlns:e=\"http://ns.egret.com/eui\" xmlns:w=\"http://ns.egret.com/wing\">\n\t<e:Image source=\"common_a.box_border\" x=\"0\" y=\"74\" width=\"564\" scale9Grid=\"75,34,450,211\" height=\"600\"/>\n\t<e:Image source=\"common_a.belt\" x=\"0\" y=\"0\"/>\n\t<e:Label text=\"我的战绩\" x=\"216\" y=\"28\" size=\"36\" fontFamily=\"黑体\"/>\n\t<e:Group x=\"29\" y=\"162\">\n\t\t<e:Label text=\"总奖牌\" x=\"197\" y=\"0\" size=\"36\" fontFamily=\"黑体\" textColor=\"0x935c1e\" textAlign=\"center\"/>\n\t\t<e:Image source=\"competition_a.rank_num_bg_3\" x=\"355\" y=\"68.5\"/>\n\t\t<e:Image source=\"competition_a.rank_num_bg_1\" x=\"4\" y=\"68.5\"/>\n\t\t<e:Image source=\"competition_a.rank_num_bg_2\" x=\"179\" y=\"68.5\"/>\n\t\t<e:Label id=\"labTotalGold\" text=\"0\" x=\"52\" y=\"76\" size=\"36\" fontFamily=\"黑体\" textAlign=\"center\" textColor=\"0xe06001\" bold=\"true\" width=\"94\"/>\n\t\t<e:Label id=\"labTotalSilver\" text=\"00000\" x=\"229\" y=\"76\" size=\"36\" fontFamily=\"黑体\" textAlign=\"center\" bold=\"true\" textColor=\"0xe06001\" width=\"94\"/>\n\t\t<e:Label id=\"labTotalCopper\" text=\"00000\" x=\"405\" y=\"76\" size=\"36\" fontFamily=\"黑体\" textAlign=\"center\" bold=\"true\" textColor=\"0xe06001\" width=\"94\"/>\n\t</e:Group>\n\t<e:Group x=\"29\" y=\"322\">\n\t\t<e:Label text=\"周奖牌\" x=\"197\" y=\"0\" size=\"36\" fontFamily=\"黑体\" textColor=\"0x935C1E\" textAlign=\"center\"/>\n\t\t<e:Image source=\"competition_a.rank_num_bg_3\" x=\"355\" y=\"68.5\"/>\n\t\t<e:Image source=\"competition_a.rank_num_bg_1\" x=\"4\" y=\"68.5\"/>\n\t\t<e:Image source=\"competition_a.rank_num_bg_2\" x=\"179\" y=\"68.5\"/>\n\t\t<e:Label id=\"labWeekGold\" text=\"00000\" x=\"52\" y=\"76\" size=\"36\" fontFamily=\"黑体\" textAlign=\"center\" bold=\"true\" textColor=\"0xE06001\" width=\"94\"/>\n\t\t<e:Label id=\"labWeekSilver\" text=\"00000\" x=\"229\" y=\"76\" size=\"36\" fontFamily=\"黑体\" textAlign=\"center\" bold=\"true\" textColor=\"0xE06001\" width=\"94\"/>\n\t\t<e:Label id=\"labWeekCopper\" text=\"00000\" x=\"405\" y=\"76\" size=\"36\" fontFamily=\"黑体\" textAlign=\"center\" bold=\"true\" textColor=\"0xE06001\" width=\"94\"/>\n\t</e:Group>\n\t<e:Button id=\"btnClose\" label=\"确定\" y=\"554\" horizontalCenter=\"0\">\n\t\t<e:skinName>\n\t\t<e:Skin states=\"up,down,disabled\">\n\t\t\t<e:Image width=\"100%\" height=\"100%\" source=\"common_a.btn_bg_yellow\"/>\n\t\t\t<e:Label id=\"labelDisplay\" horizontalCenter=\"0\" verticalCenter=\"0\" size=\"36\" fontFamily=\"黑体\" textColor=\"0x965a07\"/>\n\t\t</e:Skin>\n\t\t</e:skinName>\n\t</e:Button>\n\t<e:Rect width=\"484\" height=\"1\" x=\"40\" y=\"508\" fillColor=\"0x999999\"/>\n</e:Skin>"
    },
    {
      "path": "resource/eui_skins/competition/WrongRenderSkin.exml",
      "content": "<?xml version=\"1.0\" encoding=\"utf-8\" ?>\r\n<e:Skin class=\"WrongRenderSkin\" height=\"180\" width=\"750\" xmlns:e=\"http://ns.egret.com/eui\" xmlns:w=\"http://ns.egret.com/wing\">\r\n\t<e:Image source=\"c_level.wrongline\" x=\"1\" y=\"82\"/>\r\n\t<e:Rect width=\"750\" height=\"20\" x=\"0\" y=\"160\" fillColor=\"0xfcfcfc\" strokeWeight=\"1\" strokeColor=\"0xc8c7cc\"/>\r\n\t<e:Group id=\"rightCon\" width=\"750\" height=\"80\" x=\"0\" y=\"0\"/>\r\n\t<e:Group id=\"wrongCon\" width=\"750\" height=\"79\" x=\"0\" y=\"82\"/>\r\n</e:Skin>\r\n"
    },
    {
      "path": "resource/eui_skins/competition/WrongSkin.exml",
      "content": "<?xml version=\"1.0\" encoding=\"utf-8\"?>\r\n<e:Skin class=\"WrongSkin\" width=\"750\" height=\"1334\" xmlns:e=\"http://ns.egret.com/eui\" xmlns:w=\"http://ns.egret.com/wing\" xmlns:rcm=\"rcm.*\">\r\n\t<e:Rect width=\"750\" height=\"1334\" fillColor=\"0xfffcfc\" locked=\"true\"/>\r\n\t<e:Button id=\"btnAgain\" label=\"再来一局\" x=\"0\" y=\"1236\" anchorOffsetX=\"0\" width=\"375\" height=\"98\">\r\n\t\t<e:skinName>\r\n\t\t<e:Skin states=\"up,down,disabled\">\r\n\t<e:Rect width=\"375\" height=\"98\" x=\"0\" y=\"0\" fillColor=\"0x0471d4\"/>\r\n\t\t\t<e:Label id=\"labelDisplay\" horizontalCenter=\"0\" verticalCenter=\"0\" size=\"36\" fontFamily=\"黑体\" textColor=\"0xfcfcfc\"/>\r\n\t\t</e:Skin>\r\n\t\t</e:skinName>\r\n\t</e:Button>\r\n\t<e:Button id=\"btnQuit\" label=\"退出\" x=\"375\" y=\"1236\" anchorOffsetX=\"0\" width=\"375\" height=\"98\">\r\n\t\t<e:skinName>\r\n\t\t<e:Skin states=\"up,down,disabled\">\r\n\t\t\t<e:Rect width=\"375\" height=\"98\" x=\"0\" y=\"0\" fillColor=\"0xffffff\"/>\r\n\t\t\t<e:Label id=\"labelDisplay\" horizontalCenter=\"0\" verticalCenter=\"0\" size=\"36\" fontFamily=\"黑体\" textColor=\"0x020000\"/>\r\n\t\t</e:Skin>\r\n\t\t</e:skinName>\r\n\t</e:Button>\r\n\t<e:Rect width=\"750\" height=\"128\" x=\"0\" fillColor=\"0x27aae1\"/>\r\n\t<e:Label text=\"查看错题\" x=\"298\" y=\"46\" size=\"36\" fontFamily=\"SimHei\"/>\r\n\t<e:Scroller id=\"scroller\" width=\"750\" height=\"1106\" x=\"2\" y=\"130\" anchorOffsetX=\"0\" anchorOffsetY=\"0\">\r\n\t\t<e:Group width=\"749\"/>\r\n\t</e:Scroller>\r\n\t<e:Rect width=\"50\" height=\"5\" x=\"30\" y=\"60\" fillColor=\"0xfcf9f9\" rotation=\"37.97\"/>\r\n\t<e:Rect width=\"50\" height=\"5\" x=\"26\" y=\"60\" fillColor=\"0xFCF9F9\" rotation=\"328.1\"/>\r\n\t<e:Rect id=\"btnBack\" width=\"80\" height=\"80\" x=\"8.55\" y=\"24\" fillAlpha=\"0\"/>\r\n\t\r\n\t\r\n</e:Skin>"
    },
    {
      "path": "resource/eui_skins/ghost/GhostSceneSkin.exml",
      "content": "<?xml version=\"1.0\" encoding=\"utf-8\"?>\n<e:Skin class=\"GhostSceneSkin\" width=\"750\" height=\"1334\" xmlns:e=\"http://ns.egret.com/eui\" xmlns:w=\"http://ns.egret.com/wing\">\n\t<e:Image source=\"bg2_png\" x=\"0\" y=\"0\"/>\n\t<e:Image id=\"btnBack\" x=\"28\" y=\"30\" source=\"common_a.back_btn\"/>\n\t<e:Image id=\"btnExit\" x=\"650\" y=\"30\" source=\"common_a.exit_btn\"/>\n\t<e:Image id=\"btnHelp\" x=\"560\" y=\"30\" source=\"common_a.help_btn\"/>\n\t<e:Button label=\"魔王奖励\" x=\"172\" y=\"130\">\n\t\t<e:skinName>\n\t\t<e:Skin states=\"up,down,disabled\">\n\t\t\t<e:Rect width=\"200\" height=\"68\" x=\"0\" y=\"0\" fillColor=\"0x27aae1\" ellipseWidth=\"10\" strokeColor=\"0xffffff\" ellipseHeight=\"10\" strokeWeight=\"1.5\"/>\n\t\t\t<e:Label id=\"labelDisplay\" horizontalCenter=\"0\" verticalCenter=\"0\" text=\"\" size=\"28\" fontFamily=\"黑体\"/>\n\t\t</e:Skin>\n\t\t</e:skinName>\n\t</e:Button>\n\t<e:Button label=\"贡献榜\" x=\"388\" y=\"130\">\n\t\t<e:skinName>\n\t\t<e:Skin states=\"up,down,disabled\">\n\t\t\t<e:Rect width=\"200\" height=\"68\" x=\"0\" y=\"0\" fillColor=\"0x27aae1\" ellipseWidth=\"10\" strokeColor=\"0xffffff\" ellipseHeight=\"10\" strokeWeight=\"1.5\"/>\n\t\t\t<e:Label id=\"labelDisplay\" horizontalCenter=\"0\" verticalCenter=\"0\" text=\"\" size=\"28\" fontFamily=\"黑体\"/>\n\t\t</e:Skin>\n\t\t</e:skinName>\n\t</e:Button>\n\t<e:Label text=\"打魔王\" y=\"47\" size=\"36\" fontFamily=\"黑体\" horizontalCenter=\"0\" textAlign=\"center\"/>\n\t<e:Button id=\"btnStartAttack\" label=\"开始攻击\" x=\"190\" y=\"1117\" anchorOffsetX=\"0\" width=\"370\">\n\t\t<e:skinName>\n\t\t<e:Skin states=\"up,down,disabled\">\n\t\t\t<e:Image width=\"100%\" height=\"100%\" source=\"common_a.btn_bg_yellow2\" scale9Grid=\"42,11,126,72\"/>\n\t\t\t<e:Label id=\"labelDisplay\" horizontalCenter=\"0\" verticalCenter=\"0\" size=\"36\" fontFamily=\"黑体\" text=\"Button\" textColor=\"0x965a07\"/>\n\t\t</e:Skin>\n\t\t</e:skinName>\n\t</e:Button>\n\t<e:Image source=\"boss_a.timing_bg\" x=\"0\" y=\"859\"/>\n\t<e:Image source=\"boss_a.skill_armor\" x=\"640\" y=\"839\"/>\n\t<e:Image source=\"boss_a.skill_regain\" x=\"640\" y=\"736\"/>\n\t<e:Label text=\"倒计时：176小时\" x=\"246\" y=\"879\" size=\"30\" fontFamily=\"黑体\" anchorOffsetX=\"0\" width=\"260\" textAlign=\"center\"/>\n\t<e:Image source=\"boss_a.boss_life_bg\" x=\"30\" y=\"1022\"/>\n\t<e:Image source=\"boss_a.boss_life_red\" x=\"30\" y=\"1022\" anchorOffsetX=\"0\"/>\n\t<e:Label id=\"labAttackCount\" text=\"(今天还剩余 2 次攻击机会)\" y=\"1246\" textColor=\"0x333333\" fontFamily=\"黑体\" textAlign=\"center\" horizontalCenter=\"0\"/>\n</e:Skin>"
    },
    {
      "path": "resource/eui_skins/p24/P24SceneSkin.exml",
      "content": "<?xml version=\"1.0\" encoding=\"utf-8\"?>\n<e:Skin class=\"P24SceneSkin\" width=\"750\" height=\"1334\" xmlns:e=\"http://ns.egret.com/eui\" xmlns:w=\"http://ns.egret.com/wing\">\n\t<e:Image source=\"bg2_png\" x=\"0\" y=\"0\"/>\n\t<e:Image id=\"btnBack\" x=\"28\" y=\"30\" source=\"common_a.back_btn\"/>\n\t<e:Image id=\"btnExit\" x=\"650\" y=\"30\" source=\"common_a.exit_btn\"/>\n\t<e:Image id=\"btnHelp\" x=\"560\" y=\"30\" source=\"common_a.help_btn\"/>\n\t<e:Button id=\"btnMate\" label=\"匹配对战\" x=\"50\" y=\"906\" anchorOffsetX=\"0\" width=\"310\">\n\t\t<e:skinName>\n\t\t\t<e:Skin states=\"up,down,disabled\">\n\t\t\t<e:Image width=\"100%\" height=\"100%\" source=\"common_a.btn_bg_yellow2\" scale9Grid=\"41,11,128,72\"/>\n\t\t\t<e:Label id=\"labelDisplay\" horizontalCenter=\"0\" verticalCenter=\"0\" textColor=\"0x965a07\" size=\"36\" fontFamily=\"黑体\" text=\"Button\"/>\n\t\t\t</e:Skin>\n\t\t</e:skinName>\n\t</e:Button>\n\t<e:Button id=\"btnWithFriend\" label=\"和朋友切磋\" x=\"391\" y=\"906\" anchorOffsetX=\"0\" width=\"310\">\n\t\t<e:skinName>\n\t\t\t<e:Skin states=\"up,down,disabled\">\n\t\t\t<e:Image width=\"100%\" height=\"100%\" source=\"common_a.btn_bg_yellow2\" scale9Grid=\"42,11,126,72\"/>\n\t\t\t<e:Label id=\"labelDisplay\" horizontalCenter=\"0\" verticalCenter=\"0\" size=\"36\" fontFamily=\"黑体\" text=\"Button\" textColor=\"0x965a07\"/>\n\t\t\t</e:Skin>\n\t\t</e:skinName>\n\t</e:Button>\n\t<e:Button id=\"btnSelf\" label=\"挑战自己\" x=\"50\" y=\"1036\" anchorOffsetX=\"0\" width=\"650\">\n\t\t<e:skinName>\n\t\t\t<e:Skin states=\"up,down,disabled\">\n\t\t\t<e:Image width=\"100%\" height=\"100%\" source=\"common_a.btn_bg_blue\" scale9Grid=\"42,12,130,72\"/>\n\t\t\t<e:Label id=\"labelDisplay\" horizontalCenter=\"0\" verticalCenter=\"0\" size=\"36\" fontFamily=\"黑体\" text=\"Button\" textColor=\"0xffffff\"/>\n\t\t\t</e:Skin>\n\t\t</e:skinName>\n\t</e:Button>\n\t<e:Image source=\"p24_a.day_prize\" x=\"18\" y=\"745\"/>\n\t<e:Button label=\"排行和段位\" x=\"172\" y=\"130\">\n\t\t<e:skinName>\n\t\t\t<e:Skin states=\"up,down,disabled\">\n\t<e:Rect width=\"200\" height=\"68\" x=\"0\" y=\"0\" fillColor=\"0x27aae1\" ellipseWidth=\"10\" strokeColor=\"0xffffff\" ellipseHeight=\"10\" strokeWeight=\"1.5\"/>\n\t\t\t<e:Label id=\"labelDisplay\" horizontalCenter=\"0\" verticalCenter=\"0\" text=\"\" size=\"28\" fontFamily=\"黑体\"/>\n\t\t\t</e:Skin>\n\t\t</e:skinName>\n\t</e:Button>\n\t<e:Button label=\"我的战绩\" x=\"388\" y=\"130\">\n\t\t<e:skinName>\n\t\t<e:Skin states=\"up,down,disabled\">\n\t\t\t<e:Rect width=\"200\" height=\"68\" x=\"0\" y=\"0\" fillColor=\"0x27aae1\" ellipseWidth=\"10\" strokeColor=\"0xffffff\" ellipseHeight=\"10\" strokeWeight=\"1.5\"/>\n\t\t\t<e:Label id=\"labelDisplay\" horizontalCenter=\"0\" verticalCenter=\"0\" text=\"\" size=\"28\" fontFamily=\"黑体\"/>\n\t\t</e:Skin>\n\t\t</e:skinName>\n\t</e:Button>\n\t<e:Label text=\"24点\" y=\"47\" size=\"36\" fontFamily=\"黑体\" horizontalCenter=\"0\"/>\n</e:Skin>"
    },
    {
      "path": "resource/eui_skins/role/RoleSceneSkin.exml",
      "content": "<?xml version=\"1.0\" encoding=\"utf-8\"?>\n<e:Skin class=\"RoleSceneSkin\" width=\"750\" height=\"1334\" xmlns:e=\"http://ns.egret.com/eui\"\n        xmlns:w=\"http://ns.egret.com/wing\">\n\t<e:Group id=\"roleView\" width=\"750\" height=\"1334\">\n\t\t<e:Image x=\"0\" y=\"0\" source=\"role_bg_jpg\" scaleX=\"1\" scaleY=\"1\" />\n\t\t<e:Label text=\"击败魔王可以获得装备\" y=\"1148\" size=\"28\" fontFamily=\"黑体\" anchorOffsetX=\"0\" width=\"345\" textAlign=\"center\" horizontalCenter=\"0.5\" />\n\t\t<e:Label id=\"labCe\" text=\"战斗力 0\" y=\"1100\" size=\"36\" fontFamily=\"黑体\" anchorOffsetX=\"0\" width=\"345\" textAlign=\"left\" horizontalCenter=\"100.5\" textColor=\"0xf8e81c\" />\n\t\t<e:Group id=\"roleMCContainer\" width=\"750\" height=\"1334\" x=\"0\" y=\"0\"/>\n\t\t<e:Image source=\"role_a.combat_icon\" x=\"264\" y=\"1100\" />\n\t</e:Group>\n\t<e:Group id=\"recordView\" width=\"750\" height=\"1334\" visible=\"false\">\n\t\t<e:Image x=\"-3\" y=\"0\" scaleX=\"1\" scaleY=\"1\" source=\"role_record_bg_jpg\" />\n\t\t<e:Label text=\"击败魔王:\" y=\"392\" size=\"34\" fontFamily=\"黑体\" anchorOffsetX=\"0\" width=\"300\" textAlign=\"left\" x=\"51\" scaleX=\"1\" scaleY=\"1\" />\n\t\t<e:Label text=\"累计天梯战绩:\" y=\"508\" size=\"34\" fontFamily=\"黑体\" anchorOffsetX=\"0\" width=\"300\" textAlign=\"left\" x=\"51\" scaleX=\"1\" scaleY=\"1\" />\n\t\t<e:Label text=\"本月天梯战绩:\" y=\"632\" size=\"34\" fontFamily=\"黑体\" anchorOffsetX=\"0\" width=\"300\" textAlign=\"left\" x=\"51\" scaleX=\"1\" scaleY=\"1\" />\n\t\t<e:Label text=\"目前闯关战绩:\" y=\"768\" size=\"34\" fontFamily=\"黑体\" anchorOffsetX=\"0\" width=\"300\"  textAlign=\"left\" x=\"51\" scaleX=\"1\" scaleY=\"1\" />\n\t\t<e:Label text=\"总排行\" y=\"867\" size=\"32\" fontFamily=\"黑体\" anchorOffsetX=\"0\" width=\"300\" textAlign=\"left\" x=\"51\" scaleX=\"1\" scaleY=\"1\"/>\n\t\t<e:Label text=\"周排行\" y=\"1024\" size=\"32\" fontFamily=\"黑体\" anchorOffsetX=\"0\" width=\"300\" textAlign=\"left\" x=\"51\" scaleX=\"1\" scaleY=\"1\"/>\n\t\t<e:Label id=\"labBeatBoss\" text=\"0个\" x=\"322\" y=\"392\" textColor=\"0xf8e71c\" size=\"34\" fontFamily=\"黑体\" anchorOffsetX=\"0\" width=\"221\" />\n\t\t<e:Label id=\"labLadderNum\" text=\"胜利0场\" x=\"322\" y=\"508\" textColor=\"0xF8E71C\" size=\"34\" fontFamily=\"黑体\" anchorOffsetX=\"0\" width=\"221\" />\n\t\t<e:Label id=\"labLadderLevel\" text=\"0级\" x=\"322\" y=\"632\" textColor=\"0xF8E71C\" size=\"34\" fontFamily=\"黑体\" anchorOffsetX=\"0\" width=\"221\" />\n\t\t<e:Label id=\"labCpNum\" text=\"已过0关\" x=\"322\" y=\"768\" textColor=\"0xF8E71C\" size=\"34\" fontFamily=\"黑体\" anchorOffsetX=\"0\" width=\"221\" />\n\t\t<e:Group x=\"58\" y=\"925\">\n\t\t\t<e:Image source=\"role_a.rank_num_bg_3\" x=\"456\" y=\"0\"/>\n\t\t\t<e:Image source=\"role_a.rank_num_bg_2\" x=\"224\" y=\"0\"/>\n\t\t\t<e:Image source=\"role_a.rank_num_bg_1\" x=\"0\" y=\"0\"/>\n\t\t\t<e:Image source=\"role_a.rank_num_bg_3\" x=\"456\" y=\"158\"/>\n\t\t\t<e:Image source=\"role_a.rank_num_bg_2\" x=\"224\" y=\"158\"/>\n\t\t\t<e:Image source=\"role_a.rank_num_bg_1\" x=\"0\" y=\"158\"/>\n\t\t\t<e:Label id=\"labTotalGold\" text=\"0\" x=\"62\" y=\"13\" textColor=\"0xF8E71C\" size=\"34\" fontFamily=\"黑体\" anchorOffsetX=\"0\" width=\"100\" textAlign=\"center\"/>\n\t\t\t<e:Label id=\"labTotalSilver\" text=\"0\" x=\"274\" y=\"13\" textColor=\"0xF8E71C\" size=\"34\" fontFamily=\"黑体\" anchorOffsetX=\"0\" width=\"100\" textAlign=\"center\"/>\n\t\t\t<e:Label id=\"labTotalCopper\" text=\"0\" x=\"516\" y=\"13\" textColor=\"0xF8E71C\" size=\"34\" fontFamily=\"黑体\" anchorOffsetX=\"0\" width=\"100\" textAlign=\"center\"/>\n\t\t\t<e:Label id=\"labWeekGold\" text=\"0\" x=\"62\" y=\"171\" textColor=\"0xF8E71C\" size=\"34\" fontFamily=\"黑体\" anchorOffsetX=\"0\" width=\"100\" textAlign=\"center\"/>\n\t\t\t<e:Label id=\"labWeekSilver\" text=\"0\" x=\"274\" y=\"171\" textColor=\"0xF8E71C\" size=\"34\" fontFamily=\"黑体\" anchorOffsetX=\"0\" width=\"100\" textAlign=\"center\"/>\n\t\t\t<e:Label id=\"labWeekCopper\" text=\"0\" x=\"516\" y=\"171\" textColor=\"0xF8E71C\" size=\"34\" fontFamily=\"黑体\" anchorOffsetX=\"0\" width=\"100\" textAlign=\"center\"/>\n\t\t</e:Group>\n\t</e:Group>\n\t<e:Image source=\"common_a.bottom_btn_bg\" x=\"-3\" bottom=\"0\" />\n\t<e:ToggleButton id=\"btnRole\" label=\"角色\" x=\"20\" y=\"1225\">\n\t\t<e:skinName>\n\t\t\t<e:Skin states=\"up,down,disabled\" xmlns:rcm=\"rcm.*\">\n\t\t\t\t<e:Rect width=\"333\" height=\"96\" x=\"0\" y=\"0\" fillColor=\"0xFFFFFF\" fillAlpha=\"0.2\" ellipseWidth=\"10\" ellipseHeight=\"10\" fillAlpha.up=\"0\" />\n\t\t\t\t<e:Label id=\"labelDisplay\" horizontalCenter=\"0\" verticalCenter=\"0\" size=\"36\" fontFamily=\"黑体\" x=\"10\" y=\"10\" />\n\t\t\t</e:Skin>\n\t\t</e:skinName>\n\t</e:ToggleButton>\n\t<e:ToggleButton id=\"btnRecord\" label=\"战绩\" x=\"397\" y=\"1225\">\n\t\t<e:skinName>\n\t\t\t<e:Skin states=\"up,down,disabled\" xmlns:rcm=\"rcm.*\">\n\t\t\t\t<e:Rect width=\"333\" height=\"96\" x=\"0\" y=\"0\" fillColor=\"0xFFFFFF\" fillAlpha=\"0.2\" ellipseWidth=\"10\" ellipseHeight=\"10\" fillAlpha.up=\"0\" />\n\t\t\t\t<e:Label id=\"labelDisplay\" horizontalCenter=\"0\" verticalCenter=\"0\" size=\"36\" fontFamily=\"黑体\" x=\"10\" y=\"10\" />\n\t\t\t</e:Skin>\n\t\t</e:skinName>\n\t</e:ToggleButton>\n\t<e:Image id=\"btnBack\" x=\"28\" y=\"30\" source=\"common_a.back_btn\" />\n\t<e:Image id=\"btnExit\" x=\"650\" y=\"30\" source=\"common_a.exit_btn\" />\n\t<e:Group x=\"30\" y=\"158\">\n\t\t<e:Label id=\"labName\" text=\"姓名\" y=\"13\" size=\"36\" fontFamily=\"黑体\" anchorOffsetX=\"0\" width=\"393\" textAlign=\"left\" x=\"148\" />\n\t\t<e:Label id=\"labSchool\" text=\"学校\" y=\"70\" size=\"32\" fontFamily=\"黑体\" anchorOffsetX=\"0\" width=\"393\" textAlign=\"left\"\n\t\t         x=\"148\" />\n\t\t<e:Rect width=\"128\" height=\"128\" x=\"0\" y=\"0\" fillColor=\"0xffffff\" ellipseWidth=\"128\"\n\t\t        ellipseHeight=\"128\" />\n\t\t<e:Rect id=\"avatarMask\" width=\"120\" height=\"120\" x=\"4\" y=\"4\" ellipseWidth=\"128\" ellipseHeight=\"128\" fillColor=\"0x020101\"/>\n\t\t<e:Image id=\"imgAvatar\" width=\"120\" height=\"120\" x=\"4\" y=\"4\" mask=\"avatarMask\" />\n\t</e:Group>\n</e:Skin>"
    },
    {
      "path": "resource/eui_skins/start/StartSceneSkin.exml",
      "content": "<?xml version=\"1.0\" encoding=\"utf-8\"?>\n<e:Skin class=\"StartSceneSkin\" width=\"750\" height=\"1334\" xmlns:e=\"http://ns.egret.com/eui\" xmlns:rcm=\"rcm.*\" xmlns:w=\"http://ns.egret.com/wing\">\n\t<e:Image source=\"bg_png\" x=\"0\" y=\"0\"/>\n\t<e:Button id=\"btnCompetition\" label=\"\" x=\"58\" y=\"1092\">\n\t\t<e:skinName>\n\t\t\t<e:Skin states=\"up,down,disabled\">\n\t\t\t<e:Image width=\"100%\" height=\"100%\" source=\"start_a.competition_btn\"/>\n\t\t\t<e:Label id=\"labelDisplay\" horizontalCenter=\"0\" verticalCenter=\"0\"/>\n\t\t\t</e:Skin>\n\t\t</e:skinName>\n\t</e:Button>\n\t<e:Button id=\"btnGhost\" label=\"\" x=\"284\" y=\"1092\">\n\t\t<e:skinName>\n\t\t\t<e:Skin states=\"up,down,disabled\">\n\t\t\t<e:Image width=\"100%\" height=\"100%\" source=\"start_a.boss_btn\"/>\n\t\t\t<e:Label id=\"labelDisplay\" horizontalCenter=\"0\" verticalCenter=\"0\"/>\n\t\t\t</e:Skin>\n\t\t</e:skinName>\n\t</e:Button>\n\t<e:Button id=\"btnP24\" label=\"\" x=\"510\" y=\"1092\">\n\t\t<e:skinName>\n\t\t\t<e:Skin states=\"up,down,disabled\">\n\t\t\t<e:Image width=\"100%\" height=\"100%\" source=\"start_a.p24_btn\"/>\n\t\t\t<e:Label id=\"labelDisplay\" horizontalCenter=\"0\" verticalCenter=\"0\"/>\n\t\t\t</e:Skin>\n\t\t</e:skinName>\n\t</e:Button>\n\t<e:Image id=\"btnRole\" x=\"22\" y=\"25\" source=\"start_a.role_btn\"/>\n\t<e:Image id=\"btnExit\" x=\"645\" y=\"25\" source=\"start_a.exit_btn_start\"/>\n</e:Skin>"
    },
    {
      "path": "resource/eui_skins/widget/avatar/AvatarSkin.exml",
      "content": "<?xml version=\"1.0\" encoding=\"utf-8\"?>\n<e:Skin class=\"AvatarSkin\" width=\"180\" height=\"180\" xmlns:e=\"http://ns.egret.com/eui\" xmlns:w=\"http://ns.egret.com/wing\">\n\t<e:Group id=\"avatar\" x=\"0\" y=\"0\">\n\t\t<e:Rect id=\"mcBg\" width=\"180\" height=\"180\" x=\"0\" y=\"0\" ellipseWidth=\"180\" ellipseHeight=\"180\" fillColor=\"0xffffff\"/>\n\t\t<e:Rect id=\"mcAvatarBg\" width=\"170\" height=\"170\" x=\"5\" y=\"5\" ellipseWidth=\"170\" ellipseHeight=\"170\" fillColor=\"0xD8D8D8\" strokeColor=\"0xD8D8D8\" scaleX=\"1\" scaleY=\"1\"/>\n\t\t<e:Image id=\"mcAvatar\" width=\"170\" height=\"170\" x=\"5\" y=\"5\"/>\n\t\t<e:Rect id=\"mcAvatarMask\" width=\"170\" height=\"170\" x=\"5\" y=\"5\" ellipseWidth=\"170\" ellipseHeight=\"170\" fillColor=\"0xd8d8d8\" strokeColor=\"0xd8d8d8\"/>\n\t</e:Group>\n</e:Skin>"
    },
    {
      "path": "resource/eui_skins/widget/avatar/InfoAvatarSkin.exml",
      "content": "<?xml version=\"1.0\" encoding=\"utf-8\"?>\n<e:Skin class=\"InfoAvatarSkin\" width=\"180\" height=\"233\" xmlns:e=\"http://ns.egret.com/eui\" xmlns:w=\"http://ns.egret.com/wing\">\n\t<e:Group id=\"avatar\" x=\"0\" y=\"0\">\n\t\t<e:Rect id=\"mcBg\" width=\"180\" height=\"180\" x=\"0\" y=\"0\" ellipseWidth=\"180\" ellipseHeight=\"180\" fillColor=\"0xFFFFFF\"/>\n\t\t<e:Rect id=\"mcAvatarBg\" width=\"170\" height=\"170\" x=\"5\" y=\"5\" ellipseWidth=\"170\" ellipseHeight=\"170\" fillColor=\"0xD8D8D8\" strokeColor=\"0xD8D8D8\" scaleX=\"1\" scaleY=\"1\"/>\n\t\t<e:Image id=\"mcAvatar\" width=\"170\" height=\"170\" x=\"5\" y=\"5\"/>\n\t\t<e:Rect id=\"mcAvatarMask\" width=\"170\" height=\"170\" x=\"5\" y=\"5\" ellipseWidth=\"170\" ellipseHeight=\"170\" fillColor=\"0xD8D8D8\" strokeColor=\"0xD8D8D8\"/>\n\t</e:Group>\n\t<e:Label id=\"txtUserName\" text=\"name\" x=\"0\" y=\"199\" size=\"34\" textColor=\"0x333333\" fontFamily=\"SimHei\" width=\"180\" textAlign=\"center\"/>\n</e:Skin>"
    }
  ]
}