{
	"ifSuccess":true,
	"status": 1,
	"completeId": "",
	"challengerId": 7418732,
	"challengerGender": "1",
	"challengerName": "孔浩宇",
	"challengerIconUrl": "resource/config/avatar.jpg",
	"levelStatus": "1",
	"challengerGrading": "3",
	"questions": [
        {
            "hasAnswer": 1,
            "cards": [
                {"suit": 1,  "value": 1 },
                {"suit": 2,  "value": 5 },
                {"suit": 3,  "value": 9 },
                {"suit": 4,  "value": 11 }
            ]
        },
        {
            "hasAnswer": 1,
            "cards": [
                {"suit": 1,  "value": 6 },
                {"suit": 3,  "value": 5 },
                {"suit": 3,  "value": 2 },
                {"suit": 4,  "value": 11 }
            ]
        },
        {
            "hasAnswer": 1,
            "cards": [
                {"suit": 1,  "value": 6 },
                {"suit": 3,  "value": 5 },
                {"suit": 3,  "value": 12 },
                {"suit": 4,  "value": 11 }
            ]
        },
        {
            "hasAnswer": 1,
            "cards": [
                {"suit": 1,  "value": 6 },
                {"suit": 3,  "value": 5 },
                {"suit": 3,  "value": 10 },
                {"suit": 4,  "value": 11 }
            ]
        },
        {
            "hasAnswer": 1,
            "cards": [
                {"suit": 4,  "value": 1 },
                {"suit": 2,  "value": 5 },
                {"suit": 2,  "value": 9 },
                {"suit": 4,  "value": 13 }
            ]
        }
    ]
}