{
    "isOnline":true,
    "exerciseList": [
        {
            "exerciseId": 741,
            "isVip": 0,
            "lessonName": "分数乘整数",
            "monthRanking": "99",
            "riseTime": "",
            "status": 0,
            "successFlag": 1,
            "weekRanking": "98",
            "monthRankingType":1,
            "weekRankingType":3
        },
        {
            "exerciseId": 742,
            "isVip": 1,
            "lessonName": "分数乘分数",
            "monthRanking": "",
            "riseTime": "49400",
            "status": 2,
            "successFlag": 1,
            "weekRanking": ""
        },
        {
            "exerciseId": 743,
            "isVip": 0,
            "lessonName": "分数乘小数标题加长测试再加一段",
            "monthRanking": "",
            "riseTime": "",
            "status": 0,
            "successFlag": 0,
            "weekRanking": ""
        },
        {
            "exerciseId": 744,
            "isVip": 0,
            "lessonName": "分数乘法混合运算",
            "monthRanking": "",
            "riseTime": "",
            "status": 1,
            "successFlag": 0,
            "weekRanking": ""
        },
        {
            "exerciseId": 745,
            "isVip": 0,
            "lessonName": "分数除以整数",
            "monthRanking": "",
            "riseTime": "",
            "status": 1,
            "successFlag": 0,
            "weekRanking": ""
        },
        {
            "exerciseId": 746,
            "isVip": 1,
            "lessonName": "整数除以分数",
            "monthRanking": "",
            "riseTime": "",
            "status": 1,
            "successFlag": 0,
            "weekRanking": ""
        },
        {
            "exerciseId": 747,
            "isVip": 1,
            "lessonName": "分数除以分数",
            "monthRanking": "",
            "riseTime": "",
            "status": 1,
            "successFlag": 0,
            "weekRanking": ""
        },
        {
            "exerciseId": 748,
            "isVip": 1,
            "lessonName": "分数除法混合运算",
            "monthRanking": "",
            "riseTime": "",
            "status": 1,
            "successFlag": 0,
            "weekRanking": ""
        },
        {
            "exerciseId": 749,
            "isVip": 1,
            "lessonName": "求比值",
            "monthRanking": "",
            "riseTime": "",
            "status": 1,
            "successFlag": 0,
            "weekRanking": ""
        },
        {
            "exerciseId": 750,
            "isVip": 1,
            "lessonName": "化简比",
            "monthRanking": "",
            "riseTime": "",
            "status": 1,
            "successFlag": 0,
            "weekRanking": ""
        },
        {
            "exerciseId": 751,
            "isVip": 1,
            "lessonName": "直径半径的关系",
            "monthRanking": "",
            "riseTime": "",
            "status": 1,
            "successFlag": 0,
            "weekRanking": ""
        },
        {
            "exerciseId": 752,
            "isVip": 1,
            "lessonName": "圆的周长",
            "monthRanking": "",
            "riseTime": "",
            "status": 1,
            "successFlag": 0,
            "weekRanking": ""
        },
        {
            "exerciseId": 753,
            "isVip": 1,
            "lessonName": "百分数与分数、小数间的互化",
            "monthRanking": "",
            "riseTime": "",
            "status": 1,
            "successFlag": 0,
            "weekRanking": ""
        },
        {
            "exerciseId": 754,
            "isVip": 1,
            "lessonName": "比例的基本性质",
            "monthRanking": "",
            "riseTime": "",
            "status": 1,
            "successFlag": 0,
            "weekRanking": ""
        },
        {
            "exerciseId": 755,
            "isVip": 1,
            "lessonName": "解比例",
            "monthRanking": "",
            "riseTime": "",
            "status": 1,
            "successFlag": 0,
            "weekRanking": ""
        },
        {
            "exerciseId": 756,
            "isVip": 1,
            "lessonName": "整数、小数、分数混合运算",
            "monthRanking": "",
            "riseTime": "",
            "status": 1,
            "successFlag": 0,
            "weekRanking": ""
        }
    ],
    "ifSuccess": true
}