{
    "exerciseDetail": {
        "correctNum": 0,
        "exerciseId": 741,
        "lessonName": "分数乘整数",
        "limitTime": 400,
        "questionList": [
            {
                "answerList": [],
                "content": "{\"data\":[\"2\",\"4\",\"×\",{\"type\":0,\"value\":\"5&6\",\"pos\":0},\n\"=\",{\"type\":1,\"value\":\"20\",\"answer\":\"20\"}]}",
                "questionId": 9910,
                "status": 0,
                "useTime": 0
            },
            {
                "answerList": [],
                "content": "{\"data\":[\"2\",\"4\",\"×\",{\"type\":0,\"value\":\"5&6\",\"pos\":0},\n\"=\",{\"type\":1,\"value\":\"20\",\"answer\":\"20\"}]}",
                "questionId": 9866,
                "status": 0,
                "useTime": 0
            },
            {
                "answerList": [],
                "content": "{\"data\":[\"2\",\"4\",\"×\",{\"type\":0,\"value\":\"5&6\",\"pos\":0},\n\"=\",{\"type\":1,\"value\":\"20\",\"answer\":\"20\"}]}",
                "questionId": 9875,
                "status": 0,
                "useTime": 0
            },
            {
                "answerList": [],
                "content": "{\"data\":[\"2\",\"4\",\"×\",{\"type\":0,\"value\":\"5&6\",\"pos\":0},\n\"=\",{\"type\":1,\"value\":\"20\",\"answer\":\"20\"}]}",
                "questionId": 9886,
                "status": 0,
                "useTime": 0
            },
            {
                "answerList": [],
                "content": "{\"data\":[\"2\",\"4\",\"×\",{\"type\":0,\"value\":\"5&6\",\"pos\":0},\n\"=\",{\"type\":1,\"value\":\"20\",\"answer\":\"20\"}]}",
                "questionId": 9913,
                "status": 0,
                "useTime": 0
            },
            {
                "answerList": [],
                "content": "{\"data\":[\"2\",\"4\",\"×\",{\"type\":0,\"value\":\"5&6\",\"pos\":0},\n\"=\",{\"type\":1,\"value\":\"20\",\"answer\":\"20\"}]}",
                "questionId": 9913,
                "status": 0,
                "useTime": 0
            },
            {
                "answerList": [],
                "content": "{\"data\":[\"2\",\"4\",\"×\",{\"type\":0,\"value\":\"5&6\",\"pos\":0},\n\"=\",{\"type\":1,\"value\":\"20\",\"answer\":\"20\"}]}",
                "questionId": 9913,
                "status": 0,
                "useTime": 0
            },
            {
                "answerList": [],
                "content": "{\"data\":[\"2\",\"4\",\"×\",{\"type\":0,\"value\":\"5&6\",\"pos\":0},\n\"=\",{\"type\":1,\"value\":\"20\",\"answer\":\"20\"}]}",
                "questionId": 9913,
                "status": 0,
                "useTime": 0
            },
            {
                "answerList": [],
                "content": "{\"data\":[\"2\",\"4\",\"×\",{\"type\":0,\"value\":\"5&6\",\"pos\":0},\n\"=\",{\"type\":1,\"value\":\"20\",\"answer\":\"20\"}]}",
                "questionId": 9913,
                "status": 0,
                "useTime": 0
            },
            {
                "answerList": [],
                "content": "{\"data\":[\"2\",\"4\",\"×\",{\"type\":0,\"value\":\"5&6\",\"pos\":0},\n\"=\",{\"type\":1,\"value\":\"20\",\"answer\":\"20\"}]}",
                "questionId": 9913,
                "status": 0,
                "useTime": 0
            },
            {
                "answerList": [],
                "content": "{\"data\":[\"2\",\"4\",\"×\",{\"type\":0,\"value\":\"5&6\",\"pos\":0},\n\"=\",{\"type\":1,\"value\":\"20\",\"answer\":\"20\"}]}",
                "questionId": 9913,
                "status": 0,
                "useTime": 0
            },
            {
                "answerList": [],
                "content": "{\"data\":[\"2\",\"4\",\"×\",{\"type\":0,\"value\":\"5&6\",\"pos\":0},\n\"=\",{\"type\":1,\"value\":\"20\",\"answer\":\"20\"}]}",
                "questionId": 9913,
                "status": 0,
                "useTime": 0
            },
            {
                "answerList": [],
                "content": "{\"data\":[\"2\",\"4\",\"×\",{\"type\":0,\"value\":\"5&6\",\"pos\":0},\n\"=\",{\"type\":1,\"value\":\"20\",\"answer\":\"20\"}]}",
                "questionId": 9913,
                "status": 0,
                "useTime": 0
            },
            {
                "answerList": [],
                "content": "{\"data\":[\"2\",\"4\",\"×\",{\"type\":0,\"value\":\"5&6\",\"pos\":0},\n\"=\",{\"type\":1,\"value\":\"20\",\"answer\":\"20\"}]}",
                "questionId": 9913,
                "status": 0,
                "useTime": 0
            },
            {
                "answerList": [],
                "content": "{\"data\":[\"2\",\"4\",\"×\",{\"type\":0,\"value\":\"5&6\",\"pos\":0},\n\"=\",{\"type\":1,\"value\":\"20\",\"answer\":\"20\"}]}",
                "questionId": 9913,
                "status": 0,
                "useTime": 0
            }
            
        ],
        "starTime": 1488184704741,
        "totalNum": 15,
        "useTime": 0
    },
    "ifSuccess": true,
    "isOnline": true
}