{
    "ifSuccess": true,
    "weekRankList": [
        {
            "ranking": "1",
            "schoolName": "舟山市定海小学",
            "studentId": "80092",
            "studentName": "韩鑫宇22",
            "useTime": "2000"
        },
        {
            "ranking": "2",
            "schoolName": "舟山市定海小学",
            "studentId": "80093",
            "studentName": "虞正晨",
            "useTime": "2000"
        },
        {
            "ranking": "3",
            "schoolName": "舟山市定海小学",
            "studentId": "80094",
            "studentName": "陈歆瑶",
            "useTime": "2000"
        },
        {
            "ranking": "5",
            "schoolName": "舟山市定海小学",
            "studentId": "80097",
            "studentName": "葛嘉恒",
            "useTime": "2000"
        },
        {
            "ranking": "6",
            "schoolName": "舟山市定海小学",
            "studentId": "80098",
            "studentName": "李昂澄",
            "useTime": "2000"
        },
        {
            "ranking": "7",
            "schoolName": "舟山市定海小学",
            "studentId": "80099",
            "studentName": "应卓健",
            "useTime": "2000"
        },
        {
            "ranking": "8",
            "schoolName": "舟山市定海小学",
            "studentId": "80100",
            "studentName": "张雨薇",
            "useTime": "2000"
        },
        {
            "ranking": "10",
            "schoolName": "舟山市定海小学",
            "studentId": "80101",
            "studentName": "乐竟莹",
            "useTime": "2000"
        },
        {
            "ranking": "11",
            "schoolName": "舟山市定海小学",
            "studentId": "80102",
            "studentName": "陈展晖",
            "useTime": "2000"
        },
        {
            "ranking": "12",
            "schoolName": "",
            "studentId": "17846641",
            "studentName": "",
            "useTime": "2000"
        }
    ]
}