{"mc":{
	"boy_stand":{
		"frameRate":12,
		"events":[
			
			],
		"frames":[
			
			{
			"res":"355402E8",
			"x":-127,
			"y":-422
			},
			{
			"res":"20B97436",
			"x":-127,
			"y":-421
			},
			{
			"res":"F1A95629",
			"x":-127,
			"y":-419
			},
			{
			"res":"FBA8D98D",
			"x":-127,
			"y":-418
			},
			{
			"res":"66A0A28E",
			"x":-127,
			"y":-417
			},
			{
			"res":"1DE54C9",
			"x":-127,
			"y":-418
			},
			{
			"res":"8543251",
			"x":-127,
			"y":-419
			},
			{
			"res":"DA433DA2",
			"x":-127,
			"y":-420
			},
			{
			"res":"72ED10E8",
			"x":-127,
			"y":-421
			}
			]
}},
	"res":{
		"8543251":{"x":0,"y":454,"w":380,"h":454},
		"F1A95629":{"x":382,"y":455,"w":380,"h":454},
		"20B97436":{"x":1153,"y":0,"w":379,"h":456},
		"1DE54C9":{"x":769,"y":0,"w":382,"h":453},
		"DA433DA2":{"x":764,"y":455,"w":379,"h":455},
		"355402E8":{"x":1534,"y":0,"w":378,"h":457},
		"FBA8D98D":{"x":385,"y":0,"w":382,"h":453},
		"66A0A28E":{"x":0,"y":0,"w":383,"h":452},
		"72ED10E8":{"x":1145,"y":458,"w":378,"h":456}
	}}