{
    "PersonRolePlayInfo": {
        "beatBoss": 0,
        "ce": 190,
        "className": "602班",
        "cpNum": 2,
        "itemsLevel": 0,
        "ladderLevel": 0,
        "ladderNum": 26,
        "ladderStar": 1,
        "levelUp":1,
        "myEquipageInfo": [
            {
                "equipageCode": "armor",
                "equipageCount": 1,
                "equipageId": 3,
                "equipageCe":9,
                "equipageImg": "flash/math/math2016/show/resource/math_clothes/1/gril/gril_shen.png"
            },
            {
                "equipageCode": "hand",
                "equipageCount": 2,
                "equipageId": 6,
                "equipageCe":2,
                "equipageImg": "flash/math/math2016/show/resource/math_clothes/1/gril/gril_shou.png"
            }
        ],
        "schoolName": "向上网学校"
    },
    "ifSuccess": true,
    "isOnline": true
}