{"file":"boss_a.png","frames":{
"skill_regain":{"x":843,"y":1,"w":88,"h":88,"offX":0,"offY":0,"sourceW":88,"sourceH":88},
"timing_bg":{"x":1,"y":1,"w":750,"h":71,"offX":0,"offY":0,"sourceW":751,"sourceH":71},
"skill_armor":{"x":753,"y":1,"w":88,"h":88,"offX":0,"offY":0,"sourceW":88,"sourceH":88},
"boss_life_yellow":{"x":1,"y":224,"w":690,"h":48,"offX":0,"offY":0,"sourceW":690,"sourceH":48},
"boss_life_bg":{"x":1,"y":174,"w":690,"h":48,"offX":0,"offY":0,"sourceW":690,"sourceH":48},
"boss_life_green":{"x":1,"y":124,"w":690,"h":48,"offX":0,"offY":0,"sourceW":690,"sourceH":48},
"boss_life_orange":{"x":1,"y":74,"w":690,"h":48,"offX":0,"offY":0,"sourceW":690,"sourceH":48},
"boss_life_red":{"x":1,"y":274,"w":690,"h":48,"offX":0,"offY":0,"sourceW":690,"sourceH":48}}}