{"file":"common_a.png","frames":{
"back_btn":{"x":898,"y":489,"w":70,"h":70,"offX":0,"offY":0,"sourceW":70,"sourceH":70},
"box_border":{"x":1,"y":1060,"w":600,"h":279,"offX":0,"offY":0,"sourceW":600,"sourceH":279},
"btn_bg_blue":{"x":713,"y":1,"w":210,"h":96,"offX":0,"offY":0,"sourceW":210,"sourceH":96},
"btn_bg_white":{"x":713,"y":278,"w":200,"h":81,"offX":0,"offY":0,"sourceW":200,"sourceH":81},
"btn_bg_yellow":{"x":713,"y":195,"w":200,"h":81,"offX":0,"offY":0,"sourceW":200,"sourceH":81},
"btn_bg_yellow2":{"x":713,"y":99,"w":210,"h":94,"offX":0,"offY":0,"sourceW":210,"sourceH":94},
"exit_btn":{"x":898,"y":417,"w":70,"h":70,"offX":0,"offY":0,"sourceW":70,"sourceH":70},
"help_btn":{"x":713,"y":469,"w":70,"h":70,"offX":0,"offY":0,"sourceW":70,"sourceH":70},
"bottom_btn_bg":{"x":1,"y":1341,"w":756,"h":126,"offX":0,"offY":0,"sourceW":756,"sourceH":126},
"star_a10":{"x":713,"y":361,"w":110,"h":106,"offX":0,"offY":0,"sourceW":110,"sourceH":106},
"star_a20":{"x":925,"y":1,"w":83,"h":80,"offX":0,"offY":0,"sourceW":83,"sourceH":80},
"star_a30":{"x":915,"y":295,"w":66,"h":63,"offX":0,"offY":0,"sourceW":66,"sourceH":63},
"star_b10":{"x":915,"y":195,"w":102,"h":98,"offX":0,"offY":0,"sourceW":102,"sourceH":98},
"star_b20":{"x":925,"y":83,"w":83,"h":80,"offX":0,"offY":0,"sourceW":83,"sourceH":80},
"star_b30":{"x":785,"y":490,"w":66,"h":63,"offX":0,"offY":0,"sourceW":66,"sourceH":63},
"doublebtn_bg_blue":{"x":825,"y":361,"w":191,"h":54,"offX":0,"offY":0,"sourceW":191,"sourceH":54},
"rank_head":{"x":1,"y":1614,"w":710,"h":98,"offX":0,"offY":0,"sourceW":710,"sourceH":98},
"belt":{"x":1,"y":1469,"w":564,"h":143,"offX":0,"offY":0,"sourceW":564,"sourceH":143},
"rank_bg":{"x":1,"y":1,"w":710,"h":1057,"offX":0,"offY":0,"sourceW":710,"sourceH":1057},
"join_icon":{"x":1,"y":1714,"w":646,"h":93,"offX":0,"offY":0,"sourceW":646,"sourceH":93},
"close_btn":{"x":825,"y":417,"w":71,"h":71,"offX":0,"offY":0,"sourceW":71,"sourceH":71}}}