{"file":"common_fuhao.png","frames":{
"cheng":{"x":982,"y":155,"w":25,"h":24,"offX":0,"offY":0,"sourceW":25,"sourceH":24},
"chu":{"x":982,"y":129,"w":25,"h":24,"offX":0,"offY":0,"sourceW":25,"sourceH":24},
"da":{"x":986,"y":101,"w":29,"h":26,"offX":0,"offY":0,"sourceW":29,"sourceH":26},
"delet":{"x":753,"y":1,"w":251,"h":98,"offX":0,"offY":0,"sourceW":251,"sourceH":98},
"deng":{"x":955,"y":156,"w":25,"h":15,"offX":0,"offY":0,"sourceW":25,"sourceH":15},
"fuhaobg":{"x":753,"y":101,"w":200,"h":81,"offX":0,"offY":0,"sourceW":200,"sourceH":81},
"jia":{"x":955,"y":129,"w":25,"h":25,"offX":0,"offY":0,"sourceW":25,"sourceH":25},
"jian":{"x":955,"y":181,"w":28,"h":4,"offX":0,"offY":0,"sourceW":28,"sourceH":4},
"next":{"x":1,"y":1,"w":750,"h":100,"offX":0,"offY":0,"sourceW":750,"sourceH":100},
"over":{"x":1,"y":103,"w":750,"h":98,"offX":0,"offY":0,"sourceW":750,"sourceH":98},
"xiao":{"x":955,"y":101,"w":29,"h":26,"offX":0,"offY":0,"sourceW":29,"sourceH":26}}}