{"file":"competition_a.png","frames":{
"gate_unlock":{"x":907,"y":1,"w":100,"h":100,"offX":0,"offY":0,"sourceW":100,"sourceH":100},
"my_record":{"x":565,"y":1,"w":136,"h":161,"offX":0,"offY":0,"sourceW":136,"sourceH":161},
"gate_finish":{"x":703,"y":1,"w":100,"h":100,"offX":0,"offY":0,"sourceW":100,"sourceH":100},
"gate_lock":{"x":805,"y":1,"w":100,"h":100,"offX":0,"offY":0,"sourceW":100,"sourceH":100},
"score_bg":{"x":1,"y":1,"w":562,"h":512,"offX":0,"offY":0,"sourceW":562,"sourceH":512},
"gate_line_point":{"x":851,"y":156,"w":26,"h":12,"offX":0,"offY":0,"sourceW":26,"sourceH":12},
"rank_btn_total":{"x":1,"y":725,"w":460,"h":74,"offX":0,"offY":0,"sourceW":460,"sourceH":74},
"rank_btn_week":{"x":463,"y":725,"w":460,"h":74,"offX":0,"offY":0,"sourceW":460,"sourceH":74},
"start_head_mask":{"x":1,"y":515,"w":750,"h":208,"offX":0,"offY":0,"sourceW":750,"sourceH":208},
"rank_item_line":{"x":1,"y":801,"w":644,"h":4,"offX":0,"offY":0,"sourceW":647,"sourceH":4},
"rank_num_bg_1":{"x":703,"y":103,"w":146,"h":51,"offX":0,"offY":0,"sourceW":146,"sourceH":51},
"rank_num_bg_2":{"x":703,"y":156,"w":146,"h":51,"offX":0,"offY":0,"sourceW":146,"sourceH":51},
"rank_num_bg_3":{"x":851,"y":103,"w":146,"h":51,"offX":0,"offY":0,"sourceW":146,"sourceH":51}}}