{"file":"role_a.png","frames":{
"equipment_bg":{"x":1,"y":1,"w":138,"h":156,"offX":0,"offY":0,"sourceW":138,"sourceH":156},
"rank_num_bg_1":{"x":262,"y":1,"w":180,"h":61,"offX":0,"offY":0,"sourceW":180,"sourceH":61},
"rank_num_bg_2":{"x":141,"y":127,"w":173,"h":61,"offX":0,"offY":0,"sourceW":173,"sourceH":61},
"rank_num_bg_3":{"x":262,"y":64,"w":175,"h":61,"offX":0,"offY":0,"sourceW":175,"sourceH":61},
"combat_icon":{"x":398,"y":127,"w":36,"h":38,"offX":0,"offY":0,"sourceW":36,"sourceH":38},
"boy_headpiece_bg":{"x":141,"y":190,"w":70,"h":29,"offX":1,"offY":1,"sourceW":71,"sourceH":31},
"boy_shoulder_bg":{"x":398,"y":180,"w":67,"h":65,"offX":1,"offY":1,"sourceW":69,"sourceH":67},
"boy_weapon_bg":{"x":141,"y":1,"w":119,"h":103,"offX":1,"offY":1,"sourceW":121,"sourceH":105},
"boy_armor_bg":{"x":316,"y":127,"w":80,"h":111,"offX":1,"offY":1,"sourceW":82,"sourceH":117},
"boy_boot_bg":{"x":444,"y":1,"w":66,"h":91,"offX":0,"offY":8,"sourceW":67,"sourceH":100},
"boy_hand_bg":{"x":439,"y":94,"w":54,"h":84,"offX":1,"offY":1,"sourceW":55,"sourceH":86},
"equipment_combat_bg":{"x":1,"y":159,"w":138,"h":49,"offX":0,"offY":0,"sourceW":138,"sourceH":49}}}