{"file":"start_a.png","frames":{
"boss_btn":{"x":1,"y":187,"w":174,"h":184,"offX":0,"offY":0,"sourceW":174,"sourceH":184},
"boss_btn_prize":{"x":177,"y":365,"w":174,"h":176,"offX":0,"offY":0,"sourceW":174,"sourceH":176},
"competition_btn":{"x":177,"y":1,"w":174,"h":184,"offX":0,"offY":0,"sourceW":174,"sourceH":184},
"competition_btn_prize":{"x":1,"y":373,"w":174,"h":176,"offX":0,"offY":0,"sourceW":174,"sourceH":176},
"p24_btn":{"x":1,"y":1,"w":174,"h":184,"offX":0,"offY":0,"sourceW":174,"sourceH":184},
"p24_btn_prize":{"x":177,"y":187,"w":174,"h":176,"offX":0,"offY":0,"sourceW":174,"sourceH":176},
"role_btn":{"x":353,"y":85,"w":82,"h":82,"offX":0,"offY":0,"sourceW":82,"sourceH":82},
"exit_btn_start":{"x":353,"y":1,"w":82,"h":82,"offX":0,"offY":0,"sourceW":82,"sourceH":82}}}