{"file":"level.png","frames":{
"bloodgray":{"x":1991,"y":145,"w":35,"h":45,"offX":0,"offY":0,"sourceW":35,"sourceH":45},
"bloodgreen":{"x":1991,"y":98,"w":35,"h":45,"offX":0,"offY":0,"sourceW":35,"sourceH":45},
"bloodyellow":{"x":1991,"y":51,"w":35,"h":45,"offX":0,"offY":0,"sourceW":35,"sourceH":45},
"levelfail":{"x":1486,"y":1,"w":503,"h":257,"offX":0,"offY":0,"sourceW":503,"sourceH":257},
"levelwin":{"x":1486,"y":260,"w":517,"h":232,"offX":0,"offY":0,"sourceW":517,"sourceH":232},
"overbg":{"x":753,"y":406,"w":729,"h":141,"offX":0,"offY":0,"sourceW":729,"sourceH":141},
"rolebg":{"x":1991,"y":1,"w":48,"h":48,"offX":0,"offY":0,"sourceW":48,"sourceH":48},
"share":{"x":1,"y":412,"w":210,"h":130,"offX":0,"offY":0,"sourceW":210,"sourceH":130},
"tiao":{"x":213,"y":412,"w":232,"h":68,"offX":0,"offY":0,"sourceW":232,"sourceH":68},
"whitefair":{"x":753,"y":1,"w":731,"h":403,"offX":0,"offY":0,"sourceW":731,"sourceH":403},
"wrongline":{"x":1,"y":544,"w":749,"h":1,"offX":0,"offY":0,"sourceW":749,"sourceH":1},
"yellowfair":{"x":1,"y":1,"w":750,"h":409,"offX":0,"offY":0,"sourceW":750,"sourceH":409},
"blank_bg":{"x":447,"y":412,"w":86,"h":42,"offX":0,"offY":0,"sourceW":86,"sourceH":42}}}