{"file":"level.png","frames":{
"bloodgray":{"x":163,"y":260,"w":35,"h":45,"offX":0,"offY":0,"sourceW":35,"sourceH":45},
"bloodgreen":{"x":126,"y":260,"w":35,"h":45,"offX":0,"offY":0,"sourceW":35,"sourceH":45},
"bloodyellow":{"x":89,"y":260,"w":35,"h":45,"offX":0,"offY":0,"sourceW":35,"sourceH":45},
"levelfail":{"x":1,"y":1,"w":503,"h":257,"offX":0,"offY":0,"sourceW":503,"sourceH":257},
"levelwin":{"x":506,"y":1,"w":517,"h":232,"offX":0,"offY":0,"sourceW":517,"sourceH":232},
"rolebg":{"x":952,"y":235,"w":48,"h":48,"offX":0,"offY":0,"sourceW":48,"sourceH":48},
"share":{"x":506,"y":235,"w":210,"h":130,"offX":0,"offY":0,"sourceW":210,"sourceH":130},
"tiao":{"x":718,"y":235,"w":232,"h":68,"offX":0,"offY":0,"sourceW":232,"sourceH":68},
"blank_bg_png":{"x":1,"y":260,"w":86,"h":42,"offX":0,"offY":0,"sourceW":86,"sourceH":42}}}